"","SP500TR.Open","SP500TR.High","SP500TR.Low","SP500TR.Close","SP500TR.Volume","SP500TR.Adjusted"
"2018-05-07",5236.450195,5263.689941,5227.379883,5242.870117,0,5242.870117
"2018-05-08",5238.27002,5249.919922,5208.799805,5241.529785,0,5241.529785
"2018-05-09",5254.299805,5299.700195,5246.529785,5292.899902,0,5292.899902
"2018-05-10",5308.290039,5349.680176,5307.359863,5343.700195,0,5343.700195
"2018-05-11",5344.850098,5364.779785,5334.72998,5354.689941,0,5354.689941
"2018-05-14",5366.02002,5383.129883,5350.609863,5359.660156,0,5359.660156
"2018-05-15",5337.259766,5337.259766,5304.700195,5323.22998,0,5323.22998
"2018-05-16",5327.009766,5356.700195,5327.009766,5346.330078,0,5346.330078
"2018-05-17",5342.470215,5366.529785,5326.080078,5343.290039,0,5343.290039
"2018-05-18",5338.259766,5342.47998,5322.359863,5329.660156,0,5329.660156
"2018-05-21",5355.319824,5381.259766,5354.850098,5369.189941,0,5369.189941
"2018-05-22",5379.740234,5387.379883,5347.410156,5352.450195,0,5352.450195
"2018-05-23",5332.040039,5369.990234,5323.339844,5369.990234,0,5369.990234
"2018-05-24",5365.569824,5367.410156,5319.290039,5359.319824,0,5359.319824
"2018-05-25",5351.779785,5358.97998,5334.930176,5347.310059,0,5347.310059
"2018-05-29",5315.669922,5326.560059,5260.060059,5285.700195,0,5285.700195
"2018-05-30",5311.359863,5364.209961,5311.359863,5353.759766,0,5353.759766
"2018-05-31",5348.970215,5351.830078,5309.180176,5318.100098,0,5318.100098
"2018-06-01",5344.990234,5380.839844,5344.990234,5376.290039,0,5376.290039
"2018-06-04",5390.279785,5404.919922,5388.189941,5400.5,0,5400.5
"2018-06-05",5403.970215,5412.120117,5386.410156,5404.620117,0,5404.620117
"2018-06-06",5413.540039,5451.089844,5404.189941,5451.089844,0,5451.089844
"2018-06-07",5456.970215,5466.779785,5428.129883,5448.180176,0,5448.180176
"2018-06-08",5439.47998,5465.830078,5435.240234,5465.419922,0,5465.419922
"2018-06-11",5467.700195,5487.419922,5467.700195,5471.290039,0,5471.290039
"2018-06-12",5478.600098,5486.839844,5465.220215,5481.069824,0,5481.069824
"2018-06-13",5483.419922,5490.370117,5457.990234,5459.209961,0,5459.209961
"2018-06-14",5475.790039,5487.290039,5462.629883,5474.370117,0,5474.370117
"2018-06-15",5465.660156,5475.560059,5434.47998,5469.370117,0,5469.370117
"2018-06-18",5442.180176,5460.140137,5425.220215,5457.830078,0,5457.830078
"2018-06-19",5415.299805,5440.5,5397.939941,5436.129883,0,5436.129883
"2018-06-20",5450.169922,5460.209961,5438.790039,5445.430176,0,5445.430176
"2018-06-21",5449.819824,5449.819824,5400.859863,5411.399902,0,5411.399902
"2018-06-22",5433.259766,5439.850098,5418.109863,5421.629883,0,5421.629883
"2018-06-25",5398.140137,5398.140137,5311.060059,5347.22998,0,5347.22998
"2018-06-26",5357.149902,5378.399902,5344.370117,5359.009766,0,5359.009766
"2018-06-27",5369.620117,5404.330078,5312.890137,5312.890137,0,5312.890137
"2018-06-28",5311.759766,5362.240234,5298.649902,5346.439941,0,5346.439941
"2018-06-29",5368.069824,5399.799805,5350.830078,5350.830078,0,5350.830078
"2018-07-02",5324.649902,5368.569824,5312.839844,5367.490234,0,5367.490234
"2018-07-03",5380.399902,5386.930176,5336.890137,5340.930176,0,5340.930176
"2018-07-05",5363.819824,5390.669922,5347.850098,5388.279785,0,5388.279785
"2018-07-06",5390.75,5443.390137,5382.569824,5434.359863,0,5434.359863
"2018-07-09",5453.049805,5484.830078,5453.049805,5483.890137,0,5483.890137
"2018-07-10",5492.649902,5506.459961,5488.200195,5503.049805,0,5503.049805
"2018-07-11",5475.430176,5487.410156,5457.640137,5464.009766,0,5464.009766
"2018-07-12",5482.529785,5513.970215,5479.410156,5512.359863,0,5512.359863
"2018-07-13",5509.700195,5524.640137,5499.379883,5518.330078,0,5518.330078
"2018-07-16",5518.810059,5523.069824,5503.009766,5512.919922,0,5512.919922
"2018-07-17",5495.089844,5544.049805,5495.089844,5534.910156,0,5534.910156
"2018-07-18",5538.459961,5549,5527.75,5546.859863,0,5546.859863
"2018-07-19",5535.120117,5540.410156,5516.220215,5525.509766,0,5525.509766
"2018-07-20",5525.859863,5535.939941,5516.950195,5520.5,0,5520.5
"2018-07-23",5515.259766,5533.799805,5507.5,5530.660156,0,5530.660156
"2018-07-24",5557.919922,5576.220215,5539.089844,5557.370117,0,5557.370117
"2018-07-25",5552.160156,5611.490234,5552.160156,5607.990234,0,5607.990234
"2018-07-26",5587.149902,5606.970215,5587,5590.990234,0,5590.990234
"2018-07-27",5600.680176,5602.299805,5533.950195,5554.310059,0,5554.310059
"2018-07-30",5555.109863,5560.379883,5513.959961,5522.810059,0,5522.810059
"2018-07-31",5537.040039,5566.009766,5533.75,5549.959961,0,5549.959961
"2018-08-01",5559.580078,5568.660156,5529.390137,5544.189941,0,5544.189941
"2018-08-02",5519.390137,5577.390137,5511.299805,5572.080078,0,5572.080078
"2018-08-03",5577.549805,5598.77002,5573.169922,5598.709961,0,5598.709961
"2018-08-06",5599.140137,5624.709961,5590.779785,5619.049805,0,5619.049805
"2018-08-07",5629.97998,5644.680176,5629.97998,5634.97998,0,5634.97998
"2018-08-08",5631.870117,5642.990234,5624.649902,5633.669922,0,5633.669922
"2018-08-09",5634.109863,5644.419922,5623.870117,5627,0,5627
"2018-08-10",5601.180176,5606.209961,5574,5588.660156,0,5588.660156
"2018-08-13",5593.060059,5608.689941,5562.370117,5566.359863,0,5566.359863
"2018-08-14",5578.600098,5608.620117,5576.080078,5602.410156,0,5602.410156
"2018-08-15",5579.740234,5579.740234,5529.669922,5560.850098,0,5560.850098
"2018-08-16",5588.310059,5625.899902,5588.310059,5606.560059,0,5606.560059
"2018-08-17",5602.350098,5636.410156,5593.279785,5625.660156,0,5625.660156
"2018-08-20",5633.359863,5644.879883,5626.890137,5639.529785,0,5639.529785
"2018-08-21",5648.540039,5671.5,5648.160156,5651.390137,0,5651.390137
"2018-08-22",5647.660156,5660.569824,5638.029785,5649.310059,0,5649.310059
"2018-08-23",5646.640137,5663.399902,5634.529785,5640.100098,0,5640.100098
"2018-08-24",5650.75,5678.009766,5650.75,5675.120117,0,5675.120117
"2018-08-27",5695.52002,5722.27002,5695.52002,5719.299805,0,5719.299805
"2018-08-28",5728.629883,5733.180176,5713,5720.890137,0,5720.890137
"2018-08-29",5727.490234,5758.839844,5723.109863,5754,0,5754
"2018-08-30",5744.870117,5751.72998,5717.839844,5729.450195,0,5729.450195
"2018-08-31",5724.589844,5740.290039,5711.52002,5730.799805,0,5730.799805
"2018-09-04",5722.319824,5728.560059,5699.060059,5721.859863,0,5721.859863
"2018-09-05",5711.759766,5716.910156,5682.850098,5705.859863,0,5705.859863
"2018-09-06",5707.620117,5714.200195,5665.490234,5686.700195,0,5686.700195
"2018-09-07",5667.810059,5698.52002,5660.049805,5674.580078,0,5674.580078
"2018-09-10",5693.77002,5704.52002,5683.02002,5685.339844,0,5685.339844
"2018-09-11",5674.72998,5716.089844,5665.290039,5706.990234,0,5706.990234
"2018-09-12",5707.830078,5720.350098,5689.990234,5709.080078,0,5709.080078
"2018-09-13",5726.27002,5745.839844,5725.399902,5740.75,0,5740.75
"2018-09-14",5745.970215,5749.740234,5725,5743.189941,0,5743.189941
"2018-09-17",5741.02002,5742.620117,5706.109863,5711.290039,0,5711.290039
"2018-09-18",5715.359863,5755.689941,5715.359863,5742.180176,0,5742.180176
"2018-09-19",5746.72998,5758.02002,5741.310059,5749.390137,0,5749.390137
"2018-09-20",5772.950195,5802.709961,5772.950195,5794.720215,0,5794.720215
"2018-09-21",5806.75,5814.950195,5787.810059,5792.720215,0,5792.720215
"2018-09-24",5777.220215,5781.029785,5759.330078,5772.359863,0,5772.359863
"2018-09-25",5777.470215,5781.580078,5761.680176,5765.25,0,5765.25
"2018-09-26",5768.049805,5795.819824,5741.879883,5746.27002,0,5746.27002
"2018-09-27",5758.580078,5789.310059,5753.959961,5763.220215,0,5763.220215
"2018-09-28",5755.609863,5776.379883,5750.620117,5763.419922,0,5763.419922
"2018-10-01",5787.810059,5809.040039,5771.240234,5784.450195,0,5784.450195
"2018-10-02",5783.089844,5798.140137,5774.359863,5782.370117,0,5782.370117
"2018-10-03",5798.709961,5814.819824,5778.279785,5786.47998,0,5786.47998
"2018-10-04",5775.649902,5776.5,5705.569824,5740.560059,0,5740.560059
"2018-10-05",5742.47998,5756.52002,5676.810059,5708.899902,0,5708.899902
"2018-10-08",5693.009766,5716.580078,5662.439941,5706.660156,0,5706.660156
"2018-10-09",5704.529785,5728.649902,5688.310059,5700.22998,0,5700.22998
"2018-10-10",5687.52002,5687.52002,5511.850098,5512.939941,0,5512.939941
"2018-10-11",5495.529785,5531.629883,5364.290039,5399.540039,0,5399.540039
"2018-10-12",5483.589844,5493.910156,5402.359863,5476.830078,0,5476.830078
"2018-10-15",5470.430176,5494.390137,5441.549805,5444.609863,0,5444.609863
"2018-10-16",5476.959961,5568.819824,5476.740234,5561.799805,0,5561.799805
"2018-10-17",5565.490234,5575.689941,5506.390137,5560.620117,0,5560.620117
"2018-10-18",5546.870117,5554.720215,5454.319824,5481.129883,0,5481.129883
"2018-10-19",5494.899902,5538.549805,5464.52002,5479.299805,0,5479.299805
"2018-10-22",5491.629883,5501.529785,5442.689941,5455.879883,0,5455.879883
"2018-10-23",5387.160156,5451.399902,5328.709961,5426.080078,0,5426.080078
"2018-10-24",5420.5,5429.839844,5251.22998,5258.609863,0,5258.609863
"2018-10-25",5295.790039,5390.370117,5281.959961,5356.540039,0,5356.540039
"2018-10-26",5281.910156,5330.450195,5203.5,5263.740234,0,5263.740234
"2018-10-29",5311.259766,5359.169922,5155.620117,5229.279785,0,5229.279785
"2018-10-30",5228.620117,5317.049805,5218.089844,5311.669922,0,5311.669922
"2018-10-31",5357.319824,5418.850098,5357.319824,5369.490234,0,5369.490234
"2018-11-01",5381.200195,5428.72998,5364.140137,5426.330078,0,5426.330078
"2018-11-02",5436.879883,5458.810059,5347.75,5392.529785,0,5392.529785
"2018-11-05",5399.240234,5434.339844,5382.879883,5422.879883,0,5422.879883
"2018-11-06",5423.490234,5459.569824,5421.240234,5457.25,0,5457.25
"2018-11-07",5494.299805,5575.390137,5494.299805,5573.060059,0,5573.060059
"2018-11-08",5561.109863,5577.680176,5538.72998,5562,0,5562
"2018-11-09",5537.72998,5537.72998,5478.629883,5511.790039,0,5511.790039
"2018-11-12",5497.75,5501.689941,5394.819824,5403.189941,0,5403.189941
"2018-11-13",5410.959961,5459.569824,5381.319824,5395.370117,0,5395.370117
"2018-11-14",5427.930176,5445.509766,5324.620117,5355.939941,0,5355.939941
"2018-11-15",5341.689941,5424.549805,5297.580078,5414.430176,0,5414.430176
"2018-11-16",5391.700195,5447.319824,5379.339844,5426.859863,0,5426.859863
"2018-11-19",5416.049805,5420.859863,5317.689941,5336.700195,0,5336.700195
"2018-11-20",5265.450195,5294.629883,5219.669922,5240.22998,0,5240.22998
"2018-11-21",5272.120117,5297.569824,5256.600098,5256.609863,0,5256.609863
"2018-11-23",5224.009766,5252.069824,5219.620117,5222.430176,0,5222.430176
"2018-11-26",5257.589844,5305.919922,5257.589844,5304.169922,0,5304.169922
"2018-11-27",5284.990234,5322.22998,5270.810059,5321.52002,0,5321.52002
"2018-11-28",5340.290039,5444.359863,5326.27002,5444.120117,0,5444.120117
"2018-11-29",5431.919922,5465.180176,5404.25,5433.490234,0,5433.490234
"2018-11-30",5434.430176,5480.240234,5424.720215,5478.910156,0,5478.910156
"2018-12-03",5539.120117,5558.160156,5505.180176,5538.859863,0,5538.859863
"2018-12-04",5523.410156,5530.259766,5354.290039,5359.910156,0,5359.910156
"2018-12-06",5289.040039,5353.47998,5205.720215,5353.430176,0,5353.430176
"2018-12-07",5344.970215,5379.120117,5210.25,5229.439941,0,5229.439941
"2018-12-10",5225.060059,5257.919922,5131.850098,5238.700195,0,5238.700195
"2018-12-11",5292.029785,5311.680176,5206.459961,5237.100098,0,5237.100098
"2018-12-12",5279.75,5333.790039,5264.029785,5265.529785,0,5265.529785
"2018-12-13",5281.680176,5304.189941,5239.120117,5265.459961,0,5265.459961
"2018-12-14",5224.649902,5234.819824,5153.629883,5165.600098,0,5165.600098
"2018-12-17",5147.600098,5168.140137,5028.390137,5058.580078,0,5058.580078
"2018-12-18",5086.649902,5114.410156,5025.160156,5059.339844,0,5059.339844
"2018-12-19",5061.589844,5134.029785,4946.930176,4981.919922,0,4981.919922
"2018-12-20",4961.790039,4987.339844,4851.580078,4903.459961,0,4903.459961
"2018-12-21",4899.410156,4976.560059,4787.040039,4802.509766,0,4802.509766
"2018-12-24",4770.950195,4790,4672.660156,4672.660156,0,4672.660156
"2018-12-26",4696.629883,4904.609863,4664.089844,4904.490234,0,4904.490234
"2018-12-27",4854.870117,4946.939941,4766.390137,4946.939941,0,4946.939941
"2018-12-28",4967.52002,5010.160156,4916.640137,4941.609863,0,4941.609863
"2018-12-31",4968.5,4988.899902,4936.580078,4984.220215,0,4984.220215
"2019-01-02",4924.810059,5009.240234,4906.149902,4990.560059,0,4990.560059
"2019-01-03",4955.830078,4958.060059,4860.859863,4868.299805,0,4868.299805
"2019-01-04",4920.879883,5047.560059,4920.879883,5035.450195,0,5035.450195
"2019-01-07",5042.77002,5103.47998,5020.830078,5070.759766,0,5070.759766
"2019-01-08",5107.52002,5130.77002,5066.640137,5120.040039,0,5120.040039
"2019-01-09",5132.77002,5162.689941,5111.319824,5142.660156,0,5142.660156
"2019-01-10",5119.890137,5168.169922,5097.189941,5165.890137,0,5165.890137
"2019-01-11",5148.930176,5165.160156,5127.660156,5165.149902,0,5165.149902
"2019-01-14",5134,5151.649902,5114.459961,5138.580078,0,5138.580078
"2019-01-15",5143.649902,5199.240234,5143.649902,5193.779785,0,5193.779785
"2019-01-16",5202.759766,5224.660156,5199.049805,5205.450195,0,5205.450195
"2019-01-17",5192.390137,5263.350098,5186.580078,5245.47998,0,5245.47998
"2019-01-18",5276.100098,5324.189941,5269.009766,5314.779785,0,5314.779785
"2019-01-22",5289.450195,5289.450195,5208.680176,5239.75,0,5239.75
"2019-01-23",5260.799805,5280.120117,5200.02002,5251.290039,0,5251.290039
"2019-01-24",5251.740234,5268.22998,5228.209961,5258.689941,0,5258.689941
"2019-01-25",5288.930176,5318.669922,5288.859863,5303.509766,0,5303.509766
"2019-01-28",5264.129883,5264.129883,5222.72998,5261.879883,0,5261.879883
"2019-01-29",5264.02002,5276.049805,5236.490234,5254.310059,0,5254.310059
"2019-01-30",5282,5355.279785,5271.660156,5336.600098,0,5336.600098
"2019-01-31",5346.589844,5393.259766,5333.169922,5383.629883,0,5383.629883
"2019-02-01",5380.810059,5409.330078,5370.240234,5389.189941,0,5389.189941
"2019-02-04",5389.200195,5425.810059,5373.870117,5425.799805,0,5425.799805
"2019-02-05",5432.75,5453.930176,5424.240234,5451.399902,0,5451.399902
"2019-02-06",5446.640137,5452.529785,5425.399902,5439.799805,0,5439.799805
"2019-02-07",5412.540039,5416.089844,5352.25,5389.689941,0,5389.689941
"2019-02-08",5364.200195,5395.169922,5343.240234,5395.120117,0,5395.120117
"2019-02-11",5404.169922,5415.339844,5387.02002,5399,0,5399
"2019-02-12",5424.899902,5475.859863,5424.899902,5468.97998,0,5468.97998
"2019-02-13",5480.52002,5503.339844,5477.189941,5485.970215,0,5485.970215
"2019-02-14",5468.879883,5497.580078,5444.439941,5473.330078,0,5473.330078
"2019-02-15",5502.660156,5533.330078,5502.660156,5533.27002,0,5533.27002
"2019-02-19",5521.089844,5557.060059,5517.290039,5541.97998,0,5541.97998
"2019-02-20",5541.640137,5562.839844,5531.799805,5552.899902,0,5552.899902
"2019-02-21",5544.47998,5546.97998,5513.27002,5533.799805,0,5533.799805
"2019-02-22",5545.529785,5572.5,5543.200195,5569.450195,0,5569.450195
"2019-02-25",5593.52002,5611.669922,5574.859863,5577.089844,0,5577.089844
"2019-02-26",5569.680176,5591.109863,5564.100098,5572.740234,0,5572.740234
"2019-02-27",5560.830078,5576.830078,5536.160156,5570.569824,0,5570.569824
"2019-02-28",5563.720215,5574.859863,5552.549805,5556.490234,0,5556.490234
"2019-03-01",5584.189941,5603.740234,5562.560059,5595.109863,0,5595.109863
"2019-03-04",5616.569824,5621.419922,5523.399902,5573.529785,0,5573.529785
"2019-03-05",5576.899902,5580.810059,5554.080078,5567.399902,0,5567.399902
"2019-03-06",5568.910156,5568.910156,5525.910156,5531.339844,0,5531.339844
"2019-03-07",5522.689941,5524,5468.029785,5487.560059,0,5487.560059
"2019-03-08",5451.870117,5478.509766,5435.029785,5476.390137,0,5476.390137
"2019-03-11",5485.52002,5558.100098,5485.52002,5556.77002,0,5556.77002
"2019-03-12",5565.089844,5586.970215,5556.77002,5556.77002,0,5556.77002
"2019-03-13",5590.310059,5633.089844,5590.310059,5612.560059,0,5612.560059
"2019-03-14",5613.379883,5622.540039,5599.75,5609.589844,0,5609.589844
"2019-03-15",5614.419922,5654.209961,5614.419922,5637.77002,0,5637.77002
"2019-03-18",5638.100098,5663.620117,5636.899902,5658.72998,0,5658.72998
"2019-03-19",5674.509766,5697.790039,5639.620117,5658.149902,0,5658.149902
"2019-03-20",5655.950195,5680.319824,5618.27002,5641.740234,0,5641.740234
"2019-03-21",5633.040039,5714.140137,5628.680176,5703.279785,0,5703.279785
"2019-03-22",5683.02002,5686.189941,5595.040039,5595.5,0,5595.5
"2019-03-25",5586.529785,5614.049805,5564.660156,5591.22998,0,5591.22998
"2019-03-26",5619.819824,5654.160156,5602.509766,5631.390137,0,5631.390137
"2019-03-27",5633.97998,5645.410156,5570.089844,5605.319824,0,5605.319824
"2019-03-28",5614.25,5634.700195,5593.049805,5626.319824,0,5626.319824
"2019-03-29",5652.209961,5667.720215,5634.220215,5664.459961,0,5664.459961
"2019-04-01",5692.950195,5734.410156,5692.950195,5730.040039,0,5730.040039
"2019-04-02",5732.350098,5741.600098,5713.490234,5730.350098,0,5730.350098
"2019-04-03",5748.049805,5766.279785,5726.22998,5742.669922,0,5742.669922
"2019-04-04",5745.169922,5759.72998,5731.560059,5755.959961,0,5755.959961
"2019-04-05",5765.529785,5783.680176,5763.310059,5782.700195,0,5782.700195
"2019-04-08",5774.25,5788.930176,5758.950195,5788.859863,0,5788.859863
"2019-04-09",5772.25,5772.839844,5746.02002,5755.490234,0,5755.490234
"2019-04-10",5762.310059,5778.970215,5757.890137,5775.990234,0,5775.990234
"2019-04-11",5783.47998,5786.339844,5763.72998,5776.279785,0,5776.279785
"2019-04-12",5801.930176,5821.200195,5797,5815.040039,0,5815.040039
"2019-04-15",5816.990234,5819.310059,5793.470215,5811.509766,0,5811.509766
"2019-04-16",5824.870117,5832.259766,5801.890137,5814.459961,0,5814.459961
"2019-04-17",5833.009766,5836.779785,5791.830078,5801.830078,0,5801.830078
"2019-04-18",5810.680176,5817.830078,5784.850098,5811.129883,0,5811.129883
"2019-04-22",5798.77002,5820.180176,5793.990234,5817.160156,0,5817.160156
"2019-04-23",5821.5,5874.149902,5818.700195,5868.879883,0,5868.879883
"2019-04-24",5869.540039,5875.160156,5853.640137,5856.029785,0,5856.029785
"2019-04-25",5859.5,5867.640137,5827.25,5853.870117,0,5853.870117
"2019-04-26",5853.330078,5881.47998,5837.009766,5881.47998,0,5881.47998
"2019-04-29",5883.160156,5901,5880.72998,5888.049805,0,5888.049805
"2019-04-30",5876.439941,5898.359863,5850.660156,5893.810059,0,5893.810059
"2019-05-01",5906.870117,5910.379883,5849.299805,5849.649902,0,5849.649902
"2019-05-02",5846.759766,5865.799805,5803.529785,5837.459961,0,5837.459961
"2019-05-03",5861.430176,5898.470215,5861.430176,5894.299805,0,5894.299805
"2019-05-06",5821.25,5878.049805,5799.890137,5868.450195,0,5868.450195
"2019-05-07",5829.569824,5829.569824,5728.759766,5771.589844,0,5771.589844
"2019-05-08",5762.870117,5799.569824,5750.27002,5762.47998,0,5762.47998
"2019-05-09",5725.310059,5757.580078,5678.410156,5747.080078,0,5747.080078
"2019-05-10",5733.790039,5790.149902,5658.439941,5770.439941,0,5770.439941
"2019-05-13",5688.140137,5688.140137,5610.609863,5631.410156,0,5631.410156
"2019-05-14",5648.580078,5713.509766,5648.580078,5677.200195,0,5677.200195
"2019-05-15",5650.220215,5726.939941,5639.97998,5711.490234,0,5711.490234
"2019-05-16",5722.850098,5795.609863,5722.850098,5763.950195,0,5763.950195
"2019-05-17",5729.02002,5782.879883,5720.390137,5730.890137,0,5730.890137
"2019-05-20",5695.720215,5719.470215,5674.450195,5692.299805,0,5692.299805
"2019-05-21",5720.080078,5749.790039,5720.080078,5740.810059,0,5740.810059
"2019-05-22",5724.279785,5742.140137,5714.390137,5724.709961,0,5724.709961
"2019-05-23",5686.080078,5686.080078,5623.540039,5657.100098,0,5657.100098
"2019-05-24",5678.310059,5696.25,5653.830078,5665.600098,0,5665.600098
"2019-05-28",5673.609863,5694.549805,5617.169922,5618.180176,0,5618.180176
"2019-05-29",5594,5597.529785,5545.529785,5579.509766,0,5579.509766
"2019-05-30",5588.109863,5611.890137,5567.669922,5591.970215,0,5591.970215
"2019-05-31",5547.509766,5552.97998,5516.330078,5519.27002,0,5519.27002
"2019-06-03",5518.27002,5541.390137,5473.209961,5504.049805,0,5504.049805
"2019-06-04",5540.810059,5624.700195,5540.810059,5622.310059,0,5622.310059
"2019-06-05",5652.72998,5671.149902,5618.370117,5668.890137,0,5668.890137
"2019-06-06",5675.180176,5722.149902,5663.149902,5705.220215,0,5705.220215
"2019-06-07",5724.580078,5788.890137,5724.580078,5765.660156,0,5765.660156
"2019-06-10",5790.75,5828.700195,5790.209961,5792.560059,0,5792.560059
"2019-06-11",5826.029785,5840.52002,5776.419922,5790.830078,0,5790.830078
"2019-06-12",5784.930176,5796.649902,5768.930176,5779.120117,0,5779.120117
"2019-06-13",5793.700195,5811.759766,5785.220215,5804.529785,0,5804.529785
"2019-06-14",5795.649902,5810.709961,5781.310059,5795.959961,0,5795.959961
"2019-06-17",5801.560059,5816.580078,5796.680176,5801.399902,0,5801.399902
"2019-06-18",5835.790039,5883.810059,5833.25,5857.950195,0,5857.950195
"2019-06-19",5863.589844,5886.060059,5845.399902,5875.450195,0,5875.450195
"2019-06-20",5922.470215,5939.450195,5886.22998,5931.660156,0,5931.660156
"2019-06-21",5929.069824,5952.029785,5917.379883,5924.540039,0,5924.540039
"2019-06-24",5926.470215,5933.430176,5911.75,5914.290039,0,5914.290039
"2019-06-25",5915.149902,5916.160156,5855.52002,5858.129883,0,5858.129883
"2019-06-26",5875.580078,5888.589844,5849.379883,5850.899902,0,5850.899902
"2019-06-27",5863.580078,5882.950195,5861.879883,5874.149902,0,5874.149902
"2019-06-28",5890.529785,5912.709961,5882.77002,5908.25,0,5908.25
"2019-07-01",5953.629883,5953.629883,5953.629883,5953.629883,0,5953.629883
"2019-07-02",5971.290039,5971.290039,5971.290039,5971.290039,0,5971.290039
"2019-07-03",5982.899902,5982.899902,5982.899902,5982.899902,0,5982.899902
"2019-07-05",5995.939941,6015.580078,5963.25,6008.310059,0,6008.310059
"2019-07-08",5987.02002,5988.899902,5967.620117,5979.339844,0,5979.339844
"2019-07-09",5960.129883,5992.990234,5955.950195,5988.47998,0,5988.47998
"2019-07-10",6007.990234,6035.359863,5998.629883,6015.560059,0,6015.560059
"2019-07-11",6028.75,6034.189941,6007,6029.330078,0,6029.330078
"2019-07-12",6036.850098,6057.879883,6033.919922,6057.77002,0,6057.77002
"2019-07-15",6065.870117,6065.870117,6047.72998,6058.830078,0,6058.830078
"2019-07-16",6054.660156,6060.419922,6032.72998,6038.399902,0,6038.399902
"2019-07-17",6040.609863,6040.890137,5998.990234,5999.049805,0,5999.049805
"2019-07-18",5988.5,6027.450195,5976.899902,6021.149902,0,6021.149902
"2019-07-19",6039.799805,6043.169922,5983.410156,5984.200195,0,5984.200195
"2019-07-22",5995.040039,6012.700195,5984.439941,6001.279785,0,6001.279785
"2019-07-23",6020.899902,6043.27002,6008.509766,6042.47998,0,6042.47998
"2019-07-24",6029.25,6071.069824,6025.560059,6071.049805,0,6071.049805
"2019-07-25",6064.439941,6064.439941,6026.379883,6039.129883,0,6039.129883
"2019-07-26",6058.47998,6088.080078,6057.22998,6083.819824,0,6083.819824
"2019-07-29",6081.049805,6083.160156,6060.709961,6074.009766,0,6074.009766
"2019-07-30",6047.839844,6067,6034.569824,6058.959961,0,6058.959961
"2019-07-31",6065.240234,6067.609863,5949.040039,5993.169922,0,5993.169922
"2019-08-01",5993.640137,6060.549805,5923.339844,5939.830078,0,5939.830078
"2019-08-02",5920.950195,5923.609863,5861.100098,5897.100098,0,5897.100098
"2019-08-05",5829.049805,5829.049805,5676.310059,5721.799805,0,5721.799805
"2019-08-06",5755.290039,5802,5728.02002,5796.720215,0,5796.720215
"2019-08-07",5750.359863,5817.609863,5684.52002,5801.319824,0,5801.319824
"2019-08-08",5827.399902,5912.910156,5824.140137,5911.660156,0,5911.660156
"2019-08-09",5897.339844,5907.589844,5836.259766,5873.470215,0,5873.470215
"2019-08-12",5851.189941,5852.129883,5782.910156,5802.140137,0,5802.140137
"2019-08-13",5798.359863,5924.339844,5790.97998,5890.160156,0,5890.160156
"2019-08-14",5827.089844,5827.089844,5717.379883,5719.299805,0,5719.299805
"2019-08-15",5731.669922,5752.459961,5690.029785,5734.490234,0,5734.490234
"2019-08-16",5769.970215,5828.100098,5769.970215,5818.169922,0,5818.169922
"2019-08-19",5868.459961,5903.689941,5868.459961,5888.930176,0,5888.930176
"2019-08-20",5880.029785,5889.25,5841.560059,5842.759766,0,5842.759766
"2019-08-21",5886.370117,5899.77002,5878.77002,5891.189941,0,5891.189941
"2019-08-22",5904.459961,5920.859863,5851.25,5888.370117,0,5888.370117
"2019-08-23",5864.470215,5896.600098,5711.169922,5735.629883,0,5735.629883
"2019-08-26",5775.810059,5800.310059,5754.25,5799.339844,0,5799.339844
"2019-08-27",5829.109863,5840.299805,5764.069824,5780.790039,0,5780.790039
"2019-08-28",5765.129883,5823.049805,5749.569824,5818.839844,0,5818.839844
"2019-08-29",5865.02002,5905.589844,5855.569824,5893.649902,0,5893.649902
"2019-08-30",5919.649902,5926.390137,5871.819824,5898.22998,0,5898.22998
"2019-09-03",5863.470215,5874.189941,5829.080078,5857.950195,0,5857.950195
"2019-09-04",5895.540039,5924.049805,5889.899902,5921.959961,0,5921.959961
"2019-09-05",5969.339844,6019.959961,5969.339844,6000.379883,0,6000.379883
"2019-09-06",6009.330078,6018.560059,5993.580078,6006.069824,0,6006.069824
"2019-09-09",6026.160156,6027.640137,5988.220215,6005.990234,0,6005.990234
"2019-09-10",5991.240234,6008.140137,5963.169922,6008.120117,0,6008.120117
"2019-09-11",6012.509766,6051.870117,6000.200195,6051.870117,0,6051.870117
"2019-09-12",6069.240234,6092.390137,6052.790039,6070.22998,0,6070.22998
"2019-09-13",6077.22998,6087.569824,6058.5,6067.5,0,6067.5
"2019-09-16",6045.540039,6057.180176,6034.620117,6048.669922,0,6048.669922
"2019-09-17",6044.080078,6065.310059,6040.379883,6064.310059,0,6064.310059
"2019-09-18",6055.870117,6068.370117,6009.680176,6066.419922,0,6066.419922
"2019-09-19",6074.089844,6097.450195,6059.580078,6066.899902,0,6066.899902
"2019-09-20",6070.47998,6086.450195,6023.609863,6037.5,0,6037.5
"2019-09-23",6020.200195,6051.77002,6017.879883,6036.899902,0,6036.899902
"2019-09-24",6058.879883,6070.080078,5968.700195,5986.580078,0,5986.580078
"2019-09-25",5990.120117,6033.439941,5959.529785,6023.459961,0,6023.459961
"2019-09-26",6025.560059,6028.680176,5981.22998,6009.189941,0,6009.189941
"2019-09-27",6025.890137,6029.600098,5945.350098,5978.109863,0,5978.109863
"2019-09-30",5989.080078,6022.950195,5989.080078,6008.589844,0,6008.589844
"2019-10-01",6022.890137,6040.709961,5932.060059,5935.200195,0,5935.200195
"2019-10-02",5903.97998,5903.97998,5803.339844,5828.930176,0,5828.930176
"2019-10-03",5825.890137,5877.450195,5766.450195,5876.859863,0,5876.859863
"2019-10-04",5892.910156,5963.72998,5892.910156,5960.430176,0,5960.430176
"2019-10-07",5944.75,5975.319824,5927.560059,5933.759766,0,5933.759766
"2019-10-08",5896.790039,5907.02002,5841.27002,5841.569824,0,5841.569824
"2019-10-09",5879.850098,5916.629883,5872.970215,5896.600098,0,5896.600098
"2019-10-10",5895.009766,5955.390137,5892.120117,5934.560059,0,5934.560059
"2019-10-11",5985.509766,6045.959961,5985.509766,6000.040039,0,6000.040039
"2019-10-14",5991.040039,6005.169922,5985.410156,5991.720215,0,5991.720215
"2019-10-15",6006.790039,6066.72998,6006.790039,6051.390137,0,6051.390137
"2019-10-16",6039.669922,6055.439941,6030.609863,6039.689941,0,6039.689941
"2019-10-17",6062.540039,6077.700195,6044.470215,6056.839844,0,6056.839844
"2019-10-18",6054.740234,6061.080078,6013.529785,6033.259766,0,6033.259766
"2019-10-21",6054.209961,6076.069824,6051.959961,6074.899902,0,6074.899902
"2019-10-22",6083.189941,6090.899902,6051.819824,6053.419922,0,6053.419922
"2019-10-23",6049.629883,6071.319824,6044.120117,6070.870117,0,6070.870117
"2019-10-24",6091.620117,6094.080078,6062.649902,6082.540039,0,6082.540039
"2019-10-25",6068.549805,6117.120117,6066,6107.419922,0,6107.419922
"2019-10-28",6126.75,6150.910156,6126.75,6141.509766,0,6141.509766
"2019-10-29",6133.430176,6158.390137,6132.410156,6136.470215,0,6136.470215
"2019-10-30",6142.740234,6162.589844,6115.310059,6156.930176,0,6156.930176
"2019-10-31",6157.600098,6157.600098,6109.680176,6138.72998,0,6138.72998
"2019-11-01",6165.859863,6198.609863,6165.859863,6198.589844,0,6198.589844
"2019-11-04",6223.02002,6235.290039,6214.779785,6221.629883,0,6221.629883
"2019-11-05",6226.77002,6233.140137,6209.379883,6214.279785,0,6214.279785
"2019-11-06",6215.720215,6220.080078,6197.089844,6219.100098,0,6219.100098
"2019-11-07",6242.700195,6264.220215,6229.02002,6238.990234,0,6238.990234
"2019-11-08",6232.180176,6256.109863,6216.740234,6256.109863,0,6256.109863
"2019-11-11",6230.299805,6246.439941,6221.189941,6243.810059,0,6243.810059
"2019-11-12",6248.75,6275.709961,6240.049805,6253.910156,0,6253.910156
"2019-11-13",6238.660156,6266.649902,6227.990234,6258.580078,0,6258.580078
"2019-11-14",6253.529785,6268.529785,6238.509766,6265.419922,0,6265.419922
"2019-11-15",6289.359863,6314.75,6282.700195,6314.740234,0,6314.740234
"2019-11-18",6309.680176,6322.350098,6297.850098,6318.02002,0,6318.02002
"2019-11-19",6329.370117,6329.580078,6301.100098,6314.660156,0,6314.660156
"2019-11-20",6304.72998,6313.410156,6257.950195,6292.169922,0,6292.169922
"2019-11-21",6292.609863,6295.890137,6264.549805,6282.589844,0,6282.589844
"2019-11-22",6298.600098,6301.52002,6274.109863,6296.339844,0,6296.339844
"2019-11-25",6311.569824,6344.660156,6311.569824,6344.359863,0,6344.359863
"2019-11-26",6346.97998,6362.819824,6339.200195,6358.459961,0,6358.459961
"2019-11-27",6369.290039,6386.799805,6365.180176,6385.759766,0,6385.759766
"2019-11-29",6374.120117,6380.410156,6358.359863,6361.560059,0,6361.560059
"2019-12-02",6367.589844,6368.509766,6300.620117,6306.879883,0,6306.879883
"2019-12-03",6253.47998,6268.779785,6219,6265.220215,0,6265.220215
"2019-12-04",6286.75,6318.919922,6284.859863,6305.490234,0,6305.490234
"2019-12-05",6320.299805,6320.759766,6289.180176,6316.689941,0,6316.689941
"2019-12-06",6351.830078,6384.200195,6351.830078,6374.700195,0,6374.700195
"2019-12-09",6367.029785,6381.22998,6354.790039,6355.069824,0,6355.069824
"2019-12-10",6354.069824,6367.779785,6335.490234,6348.310059,0,6348.310059
"2019-12-11",6354.919922,6371.459961,6349.77002,6366.839844,0,6366.839844
"2019-12-12",6366.930176,6437.899902,6361.390137,6422.350098,0,6422.350098
"2019-12-13",6419.569824,6451.790039,6399.100098,6423.930176,0,6423.930176
"2019-12-16",6454.189941,6482.689941,6454.189941,6470.029785,0,6470.029785
"2019-12-17",6478.089844,6483.580078,6469.22998,6472.240234,0,6472.240234
"2019-12-18",6478.240234,6484.830078,6469.990234,6470,0,6470
"2019-12-19",6472.799805,6499.399902,6472.799805,6499.259766,0,6499.259766
"2019-12-20",6536.009766,6540.700195,6521.319824,6531.75,0,6531.75
"2019-12-23",6541.529785,6545.02002,6534.22998,6537.399902,0,6537.399902
"2019-12-24",6540.790039,6542.77002,6530.77002,6536.580078,0,6536.580078
"2019-12-26",6544.950195,6571.049805,6544.950195,6570.709961,0,6570.709961
"2019-12-27",6585.649902,6586.850098,6559.589844,6571.029785,0,6571.029785
"2019-12-30",6572.029785,6573.720215,6524.560059,6533.910156,0,6533.910156
"2019-12-31",6521.919922,6555.47998,6515.560059,6553.569824,0,6553.569824
"2020-01-02",6582.549805,6609.669922,6564.02002,6609.290039,0,6609.290039
"2020-01-03",6546.089844,6586.25,6538.169922,6563.319824,0,6563.319824
"2020-01-06",6528.240234,6587.310059,6522.339844,6586.540039,0,6586.540039
"2020-01-07",6578.22998,6584.359863,6559.189941,6568.740234,0,6568.740234
"2020-01-08",6571.819824,6629.609863,6568.160156,6601.149902,0,6601.149902
"2020-01-09",6629.22998,6648.569824,6624.649902,6646.839844,0,6646.839844
"2020-01-10",6661.279785,6663.680176,6618.810059,6627.870117,0,6627.870117
"2020-01-13",6639.629883,6674.140137,6634.279785,6674.129883,0,6674.129883
"2020-01-14",6669.120117,6687.149902,6652.700195,6664.660156,0,6664.660156
"2020-01-15",6662.990234,6696.27002,6660.180176,6677.25,0,6677.25
"2020-01-16",6705.27002,6733.790039,6705.27002,6733.350098,0,6733.350098
"2020-01-17",6747.399902,6759.899902,6737.680176,6759.509766,0,6759.509766
"2020-01-21",6742.180176,6759.970215,6733.310059,6741.709961,0,6741.709961
"2020-01-22",6760.689941,6776.350098,6740.430176,6743.899902,0,6743.899902
"2020-01-23",6732.240234,6754.529785,6704.120117,6752.089844,0,6752.089844
"2020-01-24",6767.609863,6767.700195,6662.930176,6691.220215,0,6691.220215
"2020-01-27",6593.109863,6616.640137,6568.370117,6585.950195,0,6585.950195
"2020-01-28",6609.890137,6671.649902,6605.810059,6652.299805,0,6652.299805
"2020-01-29",6679.290039,6687.439941,6643.839844,6646.689941,0,6646.689941
"2020-01-30",6613.27002,6673.089844,6585.790039,6668.52002,0,6668.52002
"2020-01-31",6666.379883,6666.379883,6529.569824,6551,0,6551
"2020-02-03",6571.680176,6638.02002,6571.680176,6598.629883,0,6598.629883
"2020-02-04",6663,6716.390137,6663,6697.490234,0,6697.490234
"2020-02-05",6753.109863,6778.819824,6730.529785,6772.97998,0,6772.97998
"2020-02-06",6794.890137,6800.990234,6773.509766,6796.640137,0,6796.640137
"2020-02-07",6777.169922,6788.799805,6749.970215,6761.259766,0,6761.259766
"2020-02-10",6743.129883,6811.97998,6742.089844,6811.830078,0,6811.830078
"2020-02-11",6840.100098,6859.810059,6813.450195,6823.589844,0,6823.589844
"2020-02-12",6849.72998,6871.930176,6848.299805,6867.919922,0,6867.919922
"2020-02-13",6842.580078,6881.310059,6831.77002,6858.919922,0,6858.919922
"2020-02-14",6868.459961,6873.649902,6844.509766,6872.680176,0,6872.680176
"2020-02-18",6850.509766,6862.640137,6823.25,6853.040039,0,6853.040039
"2020-02-19",6874.75,6901.419922,6871.580078,6886.470215,0,6886.470215
"2020-02-20",6875.209961,6892.910156,6795.02002,6860.52002,0,6860.52002
"2020-02-21",6834.879883,6835.049805,6769.930176,6788.600098,0,6788.600098
"2020-02-24",6626.459961,6630.77002,6539.509766,6561.939941,0,6561.939941
"2020-02-25",6588.629883,6604.370117,6344.180176,6363.370117,0,6363.370117
"2020-02-26",6387.209961,6473.669922,6324.419922,6339.379883,0,6339.379883
"2020-02-27",6231.100098,6301.140137,6059.72998,6060.669922,0,6060.669922
"2020-02-28",5935.790039,6022.819824,5811.549805,6011.72998,0,6011.72998
"2020-03-02",6052.689941,6289.279785,5993.850098,6288.640137,0,6288.640137
"2020-03-03",6301.52002,6383.330078,6057.830078,6112.069824,0,6112.069824
"2020-03-04",6198.660156,6371.850098,6175.660156,6370.350098,0,6370.350098
"2020-03-05",6260.910156,6275.080078,6106.709961,6155.580078,0,6155.580078
"2020-03-06",6013.799805,6078.390137,5906.620117,6050.799805,0,6050.799805
"2020-03-09",5830.580078,5830.580078,5567.819824,5591.740234,0,5591.740234
"2020-03-10",5728.149902,5868.120117,5566.339844,5868.109863,0,5868.109863
"2020-03-11",5753.209961,5753.209961,5512.870117,5581.759766,0,5581.759766
"2020-03-12",5357.819824,5417.620117,5049.060059,5051.970215,0,5051.970215
"2020-03-13",5235.629883,5522.890137,5077.689941,5522.850098,0,5522.850098
"2020-03-16",5110.689941,5221.490234,4850.640137,4861.220215,0,4861.220215
"2020-03-17",4941.899902,5203.149902,4822.700195,5152.830078,0,5152.830078
"2020-03-18",4964.009766,4998.629883,4646.560059,4885.779785,0,4885.779785
"2020-03-19",4876.72998,5026.330078,4727.02002,4909.129883,0,4909.129883
"2020-03-20",4955.899902,4998.660156,4678.649902,4697.089844,0,4697.089844
"2020-03-23",4668.160156,4688.560059,4466.720215,4559.5,0,4559.5
"2020-03-24",4778.120117,4992.569824,4778.120117,4987.799805,0,4987.799805
"2020-03-25",5009.100098,5240.720215,4906.700195,5045.350098,0,5045.350098
"2020-03-26",5098.02002,5374.259766,5097.609863,5360.490234,0,5360.490234
"2020-03-27",5209.27002,5331.640137,5136.560059,5179.919922,0,5179.919922
"2020-03-30",5216.47998,5364.430176,5188.560059,5354.390137,0,5354.390137
"2020-03-31",5330.560059,5384.490234,5241.810059,5269.200195,0,5269.200195
"2020-04-01",5092.850098,5143.140137,4989.72998,5036.640137,0,5036.640137
"2020-04-02",5013.080078,5165.25,5007.490234,5152.470215,0,5152.470215
"2020-04-03",5128.720215,5175.910156,5017.120117,5075.160156,0,5075.160156
"2020-04-06",5258,5458.890137,5251.120117,5432.169922,0,5432.169922
"2020-04-07",5585.120117,5619.669922,5420.97998,5423.52002,0,5423.52002
"2020-04-08",5477.040039,5630.930176,5432.830078,5609.549805,0,5609.549805
"2020-04-09",5665.379883,5750.089844,5635.759766,5691.540039,0,5691.540039
"2020-04-13",5676.640137,5676.640137,5551.75,5634.149902,0,5634.149902
"2020-04-14",5723.540039,5818.910156,5723.540039,5807.100098,0,5807.100098
"2020-04-15",5704.589844,5716.830078,5635.330078,5679.529785,0,5679.529785
"2020-04-16",5712.160156,5726.790039,5640.709961,5712.600098,0,5712.600098
"2020-04-17",5800.319824,5875.290039,5776.759766,5865.899902,0,5865.899902
"2020-04-20",5806.830078,5854.319824,5755.549805,5761,0,5761
"2020-04-21",5682.879883,5684.200195,5565.129883,5584.439941,0,5584.439941
"2020-04-22",5689.339844,5742.240234,5665.200195,5712.649902,0,5712.649902
"2020-04-23",5735.790039,5805.959961,5703.040039,5710.040039,0,5710.040039
"2020-04-24",5740.459961,5801.029785,5697.879883,5789.649902,0,5789.649902
"2020-04-27",5826.299805,5893.779785,5822.810059,5874.939941,0,5874.939941
"2020-04-28",5939.220215,5961.25,5838.709961,5844.180176,0,5844.180176
"2020-04-29",5956.779785,6031.080078,5943.97998,5999.740234,0,5999.740234
"2020-04-30",5982.399902,5982.399902,5904.069824,5944.680176,0,5944.680176
"2020-05-01",5856.870117,5856.870117,5760.089844,5778.529785,0,5778.529785
"2020-05-04",5746.52002,5806.189941,5711.560059,5803.120117,0,5803.120117
"2020-05-05",5856.47998,5916.310059,5845.97998,5855.580078,0,5855.580078
"2020-05-06",5886.040039,5902.310059,5813.600098,5815.169922,0,5815.169922
"2020-05-07",5878.149902,5926.279785,5874.720215,5884.140137,0,5884.140137
"2020-05-08",5941.700195,5989.359863,5929.740234,5984.549805,0,5984.549805
"2020-05-11",5955.299805,6014.080078,5930.790039,5985.660156,0,5985.660156
"2020-05-12",6005.419922,6018.259766,5863.640137,5863.680176,0,5863.680176
"2020-05-13",5855.399902,5871.930176,5707.060059,5761.700195,0,5761.700195
"2020-05-14",5710.899902,5829.709961,5654.22998,5829.330078,0,5829.330078
"2020-05-15",5783.879883,5855.529785,5757.160156,5852.839844,0,5852.839844
"2020-05-18",5956.049805,6066.75,5956.049805,6037.899902,0,6037.899902
"2020-05-19",6027.580078,6059.52002,5973.950195,5975.149902,0,5975.149902
"2020-05-20",6039,6093.5,6039,6075.759766,0,6075.759766
"2020-05-21",6072.779785,6090.209961,6008.700195,6028.930176,0,6028.930176
"2020-05-22",6029.02002,6046.830078,5999.560059,6044.160156,0,6044.160156
"2020-05-26",6143.72998,6179.259766,6111.390137,6118.540039,0,6118.540039
"2020-05-27",6167.5,6209.629883,6073.620117,6209.379883,0,6209.379883
"2020-05-28",6231.52002,6276.600098,6184.060059,6197.02002,0,6197.02002
"2020-05-29",6188.669922,6237.490234,6134.339844,6227.810059,0,6227.810059
"2020-06-01",6216.799805,6264.660156,6202.370117,6251.47998,0,6251.47998
"2020-06-02",6270.180176,6303.140137,6243.410156,6303,0,6303
"2020-06-03",6340.629883,6406.180176,6340.629883,6389.669922,0,6389.669922
"2020-06-04",6367.919922,6403.370117,6324.649902,6369.540039,0,6369.540039
"2020-06-05",6475.009766,6572.609863,6475.009766,6536.580078,0,6536.580078
"2020-06-08",6548.950195,6615.549805,6541.089844,6615.399902,0,6615.399902
"2020-06-09",6576.830078,6596.029785,6535.540039,6564.27002,0,6564.27002
"2020-06-10",6577.080078,6596.97998,6512.069824,6529.419922,0,6529.419922
"2020-06-11",6393.850098,6393.850098,6141.390137,6145.299805,0,6145.299805
"2020-06-12",6288.27002,6323.529785,6111.709961,6227.419922,0,6227.419922
"2020-06-15",6130.27002,6306.220215,6073.52002,6279.399902,0,6279.399902
"2020-06-16",6411.390137,6456.97998,6301.279785,6398.580078,0,6398.580078
"2020-06-17",6421.899902,6432.060059,6364.359863,6375.540039,0,6375.540039
"2020-06-18",6351.5,6389.080078,6334.839844,6379.560059,0,6379.560059
"2020-06-19",6431.830078,6460.759766,6314.75,6344.700195,0,6344.700195
"2020-06-22",6337.899902,6392.140137,6307.120117,6385.910156,0,6385.910156
"2020-06-23",6428.620117,6461.52002,6405.060059,6413.439941,0,6413.439941
"2020-06-24",6378.879883,6379.720215,6210.549805,6247.660156,0,6247.660156
"2020-06-25",6240.350098,6321.049805,6194.080078,6316.450195,0,6316.450195
"2020-06-26",6294.890137,6295.830078,6155.319824,6163.5,0,6163.5
"2020-06-29",6183.810059,6255.379883,6145.200195,6254.779785,0,6254.779785
"2020-06-30",6249.069824,6374.339844,6245.77002,6351.669922,0,6351.669922
"2020-07-01",6363.410156,6409.189941,6353.660156,6383.759766,0,6383.759766
"2020-07-02",6442.080078,6487.359863,6402.899902,6414.160156,0,6414.160156
"2020-07-06",6465.990234,6519.419922,6465.990234,6516.049805,0,6516.049805
"2020-07-07",6488.870117,6525.060059,6441.370117,6445.589844,0,6445.589844
"2020-07-08",6461.560059,6499.779785,6427.680176,6496.140137,0,6496.140137
"2020-07-09",6510.740234,6518.140137,6387.140137,6461.310059,0,6461.310059
"2020-07-10",6462.200195,6532.450195,6429,6528.959961,0,6528.959961
"2020-07-13",6570.029785,6631.950195,6456.910156,6467.839844,0,6467.839844
"2020-07-14",6439.77002,6562.419922,6412.200195,6555.399902,0,6555.399902
"2020-07-15",6613.879883,6639.089844,6562.22998,6615.069824,0,6615.069824
"2020-07-16",6577.959961,6602.629883,6557.930176,6592.75,0,6592.75
"2020-07-17",6610.790039,6629.680176,6573.140137,6611.859863,0,6611.859863
"2020-07-20",6610.959961,6681.339844,6592.379883,6667.450195,0,6667.450195
"2020-07-21",6701.75,6719.649902,6659.259766,6678.740234,0,6678.740234
"2020-07-22",6673.919922,6724.049805,6670.299805,6717.290039,0,6717.290039
"2020-07-23",6708.819824,6725.830078,6608.629883,6635.040039,0,6635.040039
"2020-07-24",6600.160156,6617.799805,6562.160156,6594.100098,0,6594.100098
"2020-07-27",6602.759766,6647.040039,6591.330078,6642.890137,0,6642.890137
"2020-07-28",6632.450195,6651.759766,6595.319824,6599.970215,0,6599.970215
"2020-07-29",6617.990234,6694.930176,6617.990234,6682.009766,0,6682.009766
"2020-07-30",6628.359863,6667.649902,6572.890137,6658.02002,0,6658.02002
"2020-07-31",6708.410156,6711.950195,6606.319824,6709.810059,0,6709.810059
"2020-08-03",6745.169922,6774.850098,6737.720215,6758.200195,0,6758.200195
"2020-08-04",6748.580078,6783.109863,6741.290039,6782.600098,0,6782.600098
"2020-08-05",6804.890137,6832.089844,6804.890137,6826.220215,0,6826.220215
"2020-08-06",6817.560059,6874.680176,6807.27002,6870.859863,0,6870.859863
"2020-08-07",6853.600098,6879.029785,6830.549805,6876.649902,0,6876.649902
"2020-08-10",6886.5,6901.100098,6845.069824,6895.589844,0,6895.589844
"2020-08-11",6915.890137,6937.660156,6825.799805,6840.669922,0,6840.669922
"2020-08-12",6886.359863,6952.810059,6886.359863,6937.439941,0,6937.439941
"2020-08-13",6923.970215,6953.27002,6904.490234,6924.959961,0,6924.959961
"2020-08-14",6915.680176,6935.890137,6901.279785,6924.279785,0,6924.279785
"2020-08-17",6940.890137,6954.669922,6937.540039,6943.220215,0,6943.220215
"2020-08-18",6954.689941,6971.02002,6920.080078,6960.299805,0,6960.299805
"2020-08-19",6967.069824,6981.410156,6920.370117,6930.799805,0,6930.799805
"2020-08-20",6901.52002,6963.52002,6889.850098,6952.919922,0,6952.919922
"2020-08-21",6954.390137,6982.970215,6941,6977.27002,0,6977.27002
"2020-08-24",7021.069824,7048.819824,7010.910156,7048.169922,0,7048.169922
"2020-08-25",7057.839844,7074.569824,7037.160156,7073.600098,0,7073.600098
"2020-08-26",7086.680176,7150.52002,7075,7145.77002,0,7145.77002
"2020-08-27",7159.379883,7192.72998,7125.350098,7158.180176,0,7158.180176
"2020-08-28",7179.72998,7209.560059,7158.419922,7207.100098,0,7207.100098
"2020-08-31",7211.470215,7221.830078,7177.810059,7192.109863,0,7192.109863
"2020-09-01",7206.899902,7249.209961,7180.759766,7246.370117,0,7246.370117
"2020-09-02",7282.279785,7373.350098,7265.200195,7358.490234,0,7358.490234
"2020-09-03",7326.759766,7326.930176,7044.819824,7101.379883,0,7101.379883
"2020-09-04",7098.379883,7150.439941,6886.629883,7043.620117,0,7043.620117
"2020-09-08",6930.720215,6946.919922,6843.169922,6848.419922,0,6848.419922
"2020-09-09",6926.859863,7039.709961,6920.950195,6986.759766,0,6986.759766
"2020-09-10",7015.060059,7041.75,6844.419922,6864.22998,0,6864.22998
"2020-09-11",6892.339844,6924.810059,6805.529785,6868.220215,0,6868.220215
"2020-09-14",6916.830078,6997.509766,6916.830078,6957.910156,0,6957.910156
"2020-09-15",7007.77002,7031.430176,6969.870117,6994.330078,0,6994.330078
"2020-09-16",7015.209961,7051.509766,6960.529785,6962.290039,0,6962.290039
"2020-09-17",6882.959961,6940.990234,6845.899902,6903.819824,0,6903.819824
"2020-09-18",6904.680176,6913.830078,6771.060059,6826.720215,0,6826.720215
"2020-09-21",6757.350098,6757.350098,6641.330078,6748.080078,0,6748.080078
"2020-09-22",6778.330078,6828.669922,6727.319824,6819.080078,0,6819.080078
"2020-09-23",6828.919922,6835.209961,6649.240234,6657.819824,0,6657.819824
"2020-09-24",6635.97998,6744,6602.359863,6678.040039,0,6678.040039
"2020-09-25",6657.830078,6802.140137,6642.040039,6784.950195,0,6784.950195
"2020-09-28",6857.870117,6913.069824,6855.899902,6894.27002,0,6894.27002
"2020-09-29",6893.740234,6908.120117,6845.819824,6861.959961,0,6861.959961
"2020-09-30",6874.009766,6981.609863,6872.5,6918.830078,0,6918.830078
"2020-10-01",6966.629883,6989.430176,6916.529785,6956.200195,0,6956.200195
"2020-10-02",6870.089844,6932.140137,6839.040039,6889.600098,0,6889.600098
"2020-10-05",6929.140137,7015.990234,6929.140137,7014.169922,0,7014.169922
"2020-10-06",7014.740234,7061.560059,6903.470215,6916.430176,0,6916.430176
"2020-10-07",6965.120117,7050.899902,6965.120117,7036.890137,0,7036.890137
"2020-10-08",7069.580078,7096.100098,7056.970215,7095.399902,0,7095.399902
"2020-10-09",7121.97998,7168.47998,7118.689941,7157.939941,0,7157.939941
"2020-10-12",7205.029785,7307.549805,7205.029785,7275.430176,0,7275.430176
"2020-10-13",7275,7275,7206.830078,7229.549805,0,7229.549805
"2020-10-14",7237.560059,7263.22998,7165.709961,7182.379883,0,7182.379883
"2020-10-15",7110.620117,7183.390137,7084.629883,7171.609863,0,7171.609863
"2020-10-16",7192.660156,7238.330078,7170.72998,7172.700195,0,7172.700195
"2020-10-19",7192.990234,7210.939941,7041.709961,7055.580078,0,7055.580078
"2020-10-20",7081.370117,7158.669922,7073.879883,7089.060059,0,7089.060059
"2020-10-21",7082.609863,7133.859863,7068.589844,7073.649902,0,7073.649902
"2020-10-22",7080.299805,7125.470215,7032.959961,7111.169922,0,7111.169922
"2020-10-23",7134.799805,7137.660156,7084.799805,7135.810059,0,7135.810059
"2020-10-26",7086.5,7086.5,6928.879883,7003.209961,0,7003.209961
"2020-10-27",7007.799805,7020.450195,6978.180176,6982.140137,0,6982.140137
"2020-10-28",6882.879883,6882.879883,6731.899902,6735.75,0,6735.75
"2020-10-29",6748.970215,6880.279785,6713.580078,6816.790039,0,6816.790039
"2020-10-30",6783.490234,6806.430176,6660.689941,6734.839844,0,6734.839844
"2020-11-02",6788.959961,6858.649902,6755.129883,6817.890137,0,6817.890137
"2020-11-03",6871.529785,6981.169922,6871.529785,6939.299805,0,6939.299805
"2020-11-04",7016.149902,7179.919922,7014.629883,7092.299805,0,7092.299805
"2020-11-05",7180.779785,7269.899902,7180.779785,7231.669922,0,7231.669922
"2020-11-06",7228.259766,7254.240234,7178.810059,7230.509766,0,7230.509766
"2020-11-09",7382.810059,7511.310059,7311.149902,7315.77002,0,7315.77002
"2020-11-10",7302.060059,7330.830078,7237.700195,7306.75,0,7306.75
"2020-11-11",7343.209961,7380.129883,7330.439941,7362.649902,0,7362.649902
"2020-11-12",7343.569824,7356.580078,7252.720215,7290.689941,0,7290.689941
"2020-11-13",7323.459961,7408.109863,7323.459961,7390.609863,0,7390.609863
"2020-11-16",7421.660156,7478.339844,7421.660156,7476.790039,0,7476.790039
"2020-11-17",7443.640137,7469.990234,7399.209961,7442.040039,0,7442.040039
"2020-11-18",7448.669922,7463.069824,7356.810059,7357.339844,0,7357.339844
"2020-11-19",7340.549805,7393.589844,7309.200195,7386.859863,0,7386.859863
"2020-11-20",7381.649902,7385.600098,7335.75,7336.759766,0,7336.759766
"2020-11-23",7356.720215,7403.700195,7327.75,7378.939941,0,7378.939941
"2020-11-24",7413.970215,7512.140137,7413.970215,7498.290039,0,7498.290039
"2020-11-25",7498.759766,7498.759766,7462.169922,7486.680176,0,7486.680176
"2020-11-27",7505.77002,7517.660156,7486.950195,7505.379883,0,7505.379883
"2020-11-30",7497.939941,7497.939941,7416.459961,7472.060059,0,7472.060059
"2020-12-01",7522.299805,7589.220215,7522.299805,7556.509766,0,7556.509766
"2020-12-02",7539.350098,7574.029785,7521.569824,7570.759766,0,7570.759766
"2020-12-03",7570.660156,7600.410156,7548.240234,7567.439941,0,7567.439941
"2020-12-04",7576.609863,7634.810059,7576.609863,7634.77002,0,7634.77002
"2020-12-07",7625.709961,7631.240234,7593.109863,7620,0,7620
"2020-12-08",7601.799805,7654.160156,7593.279785,7641.430176,0,7641.430176
"2020-12-09",7649.509766,7662.450195,7555.709961,7581.060059,0,7581.060059
"2020-12-10",7553.350098,7593.319824,7524.939941,7571.870117,0,7571.870117
"2020-12-11",7547.240234,7567.430176,7500.47998,7562.459961,0,7562.459961
"2020-12-14",7588.200195,7634.299805,7530.209961,7530.870117,0,7530.870117
"2020-12-15",7570.02002,7629.649902,7556.009766,7628.279785,0,7628.279785
"2020-12-16",7631.649902,7662.649902,7615.790039,7641.819824,0,7641.819824
"2020-12-17",7667.959961,7691.200195,7662.290039,7686.180176,0,7686.180176
"2020-12-18",7686.560059,7695.160156,7611.180176,7659.75,0,7659.75
"2020-12-21",7608.109863,7646.220215,7509.689941,7630.069824,0,7630.069824
"2020-12-22",7637.180176,7637.47998,7591.910156,7614.830078,0,7614.830078
"2020-12-23",7627.669922,7664.439941,7619.819824,7620.629883,0,7620.629883
"2020-12-24",7629.75,7649.790039,7620.120117,7648.390137,0,7648.390137
"2020-12-28",7689.640137,7725.740234,7689.640137,7715.100098,0,7715.100098
"2020-12-29",7745.379883,7757.759766,7690.220215,7697.930176,0,7697.930176
"2020-12-30",7717.669922,7735.040039,7705.319824,7709.100098,0,7709.100098
"2020-12-31",7712.240234,7767.169922,7699.049805,7759.350098,0,7759.350098
"2021-01-04",7777.410156,7788.350098,7567.080078,7645.27002,0,7645.27002
"2021-01-05",7640.77002,7722.689941,7635.640137,7700.339844,0,7700.339844
"2021-01-06",7744.430176,7744.430176,7744.430176,7744.430176,0,7744.430176
"2021-01-07",7780.350098,7876.669922,7780.350098,7861.100098,0,7861.100098
"2021-01-08",7885.359863,7909.319824,7820.379883,7905.279785,0,7905.279785
"2021-01-11",7860.759766,7891.069824,7831.669922,7853.450195,0,7853.450195
"2021-01-12",7857.600098,7876.470215,7806.149902,7856.720215,0,7856.720215
"2021-01-13",7859.009766,7897.709961,7837.120117,7874.75,0,7874.75
"2021-01-14",7886.27002,7903.97998,7840.560059,7846.100098,0,7846.100098
"2021-01-15",7832.129883,7832.129883,7751.660156,7789.790039,0,7789.790039
"2021-01-19",7818.259766,7864.879883,7815.259766,7853.470215,0,7853.470215
"2021-01-20",7889.27002,7979.259766,7889.27002,7962.919922,0,7962.919922
"2021-01-21",7975.189941,7983.279785,7949.700195,7966.109863,0,7966.109863
"2021-01-22",7947.950195,7964.629883,7919.75,7942.200195,0,7942.200195
"2021-01-25",7963.330078,7978.910156,7850.600098,7970.919922,0,7970.919922
"2021-01-26",7986.680176,8001.990234,7955.359863,7959.100098,0,7959.100098
"2021-01-27",7932.669922,7932.669922,7717.660156,7754.740234,0,7754.740234
"2021-01-28",7765.839844,7920.180176,7765.839844,7831.220215,0,7831.220215
"2021-01-29",7812.939941,7812.939941,7639.399902,7681.009766,0,7681.009766
"2021-02-01",7716.040039,7825.950195,7704.890137,7804.310059,0,7804.310059
"2021-02-02",7841.580078,7947.560059,7841.580078,7912.870117,0,7912.870117
"2021-02-03",7941.72998,7956.680176,7893.060059,7920.850098,0,7920.850098
"2021-02-04",7935.060059,8008.410156,7935.060059,8007.620117,0,8007.620117
"2021-02-05",8022.02002,8055.569824,8015.140137,8039.669922,0,8039.669922
"2021-02-08",8051.75,8099.410156,8051.75,8099.330078,0,8099.330078
"2021-02-09",8090.180176,8106.25,8074.040039,8091.700195,0,8091.700195
"2021-02-10",8111.660156,8133.310059,8037.52002,8089.109863,0,8089.109863
"2021-02-11",8104.25,8124,8050.709961,8104.189941,0,8104.189941
"2021-02-12",8094.810059,8147.259766,8083.609863,8142.790039,0,8142.790039
"2021-02-16",8153.689941,8175.830078,8121.470215,8139.160156,0,8139.160156
"2021-02-17",8111.319824,8142.490234,8074.509766,8137.879883,0,8137.879883
"2021-02-18",8106.149902,8118.779785,8042.5,8102.240234,0,8102.240234
"2021-02-19",8117.600098,8136.75,8081.470215,8087.680176,0,8087.680176
"2021-02-22",8044.549805,8080.470215,8022.629883,8025.810059,0,8025.810059
"2021-02-23",7985.759766,8066.25,7879.379883,8036.060059,0,8036.060059
"2021-02-24",8020.299805,8134.029785,7991.140137,8127.379883,0,8127.379883
"2021-02-25",8108.580078,8127.410156,7897.97998,7929.560059,0,7929.560059
"2021-02-26",7951.839844,7995.850098,7848.049805,7892.810059,0,7892.810059
"2021-03-01",7957.959961,8107.009766,7957.959961,8080.779785,0,8080.779785
"2021-03-02",8084.600098,8090.060059,8012.839844,8015.540039,0,8015.540039
"2021-03-03",8002.899902,8024.060059,7909.859863,7911.209961,0,7911.209961
"2021-03-04",7910.120117,7961.430176,7712.970215,7806.450195,0,7806.450195
"2021-03-05",7858.799805,7979.169922,7727.669922,7958.97998,0,7958.97998
"2021-03-08",7964.140137,8040.069824,7912.339844,7916.410156,0,7916.410156
"2021-03-09",7980.490234,8087.839844,7980.490234,8029.200195,0,8029.200195
"2021-03-10",8063.939941,8116.450195,8051.180176,8078.049805,0,8078.049805
"2021-03-11",8113.279785,8205.849609,8113.279785,8162.580078,0,8162.580078
"2021-03-12",8133.899902,8176.009766,8114.759766,8172.899902,0,8172.899902
"2021-03-15",8172.490234,8228.379883,8132.220215,8226.320313,0,8226.320313
"2021-03-16",8236.19043,8251.490234,8194.410156,8213.629883,0,8213.629883
"2021-03-17",8186.470215,8257.230469,8158.060059,8237.349609,0,8237.349609
"2021-03-18",8195.019531,8228.179688,8106.640137,8116.169922,0,8116.169922
"2021-03-19",8112.220215,8147.379883,8057.740234,8112.129883,0,8112.129883
"2021-03-22",8119.169922,8199.5,8114.379883,8169.140137,0,8169.140137
"2021-03-23",8162.97998,8186.75,8088.509766,8106.830078,0,8106.830078
"2021-03-24",8126.819824,8172.740234,8062.950195,8063,0,8063
"2021-03-25",8042.959961,8125.97998,7990.02002,8105.509766,0,8105.509766
"2021-03-26",8121.330078,8246.900391,8121.330078,8240.379883,0,8240.379883
"2021-03-29",8229.549805,8255.469727,8175.830078,8233.240234,0,8233.240234
"2021-03-30",8218.030273,8227.480469,8178.810059,8208.099609,0,8208.099609
"2021-03-31",8226.769531,8282.990234,8226.490234,8238.480469,0,8238.480469
"2021-04-01",8279.75,8337.480469,8279.75,8335.910156,0,8335.910156
"2021-04-05",8367.25,8468.80957,8367.25,8457.400391,0,8457.400391
"2021-04-06",8452.919922,8475,8437.580078,8449.540039,0,8449.540039
"2021-04-07",8450.44043,8468.55957,8438.030273,8462.179688,0,8462.179688
"2021-04-08",8484.879883,8501.910156,8469.5,8499.849609,0,8499.849609
"2021-04-09",8497.759766,8566.459961,8497.160156,8565.570313,0,8565.570313
"2021-04-12",8557.219727,8571.700195,8536.709961,8564.030273,0,8564.030273
"2021-04-13",8568.410156,8605.490234,8556.860352,8592.25,0,8592.25
"2021-04-14",8593.25,8614.219727,8550.419922,8558.160156,0,8558.160156
"2021-04-15",8589.660156,8659.610352,8589.660156,8653.290039,0,8653.290039
"2021-04-16",8661.009766,8696.620117,8654.099609,8684.509766,0,8684.509766
"2021-04-19",8672.75,8674.639648,8611.900391,8638.419922,0,8638.419922
"2021-04-20",8630.240234,8630.240234,8545.610352,8579.950195,0,8579.950195
"2021-04-21",8566.419922,8662.160156,8562.44043,8659.799805,0,8659.799805
"2021-04-22",8654.339844,8673.179688,8557.780273,8580.730469,0,8580.730469
"2021-04-23",8588.919922,8703.719727,8588.919922,8674.799805,0,8674.799805
"2021-04-26",8684.879883,8703.889648,8679.599609,8690.259766,0,8690.259766
"2021-04-27",8691.629883,8702.160156,8667.589844,8688.450195,0,8688.450195
"2021-04-28",8685.219727,8719.110352,8678.870117,8681.169922,0,8681.169922
"2021-04-29",8729.280273,8755.5,8668.44043,8740.349609,0,8740.349609
"2021-04-30",8713.280273,8713.280273,8665.269531,8678.160156,0,8678.160156
"2021-05-03",8700.620117,8736.730469,8692.570313,8702.019531,0,8702.019531
"2021-05-04",8673.769531,8673.769531,8569.179688,8643.910156,0,8643.910156
"2021-05-05",8669.700195,8691.719727,8636.580078,8650.040039,0,8650.040039
"2021-05-06",8654.620117,8724.280273,8609.610352,8722.040039,0,8722.040039
