"","SPY.Open","SPY.High","SPY.Low","SPY.Close","SPY.Volume","SPY.Adjusted"
"2018-04-27",267,267.339996,265.5,266.559998,57053600,252.206604
"2018-04-30",267.26001,267.890015,264.429993,264.51001,82182300,250.266983
"2018-05-01",263.869995,265.100006,262.109985,264.980011,74203400,250.71167
"2018-05-02",264.76001,265.679993,262.76001,263.200012,86368900,249.027512
"2018-05-03",262.26001,263.359985,259.049988,262.619995,136311500,248.478745
"2018-05-04",261.519989,266.790009,261.149994,266.019989,91222100,251.695648
"2018-05-07",266.890015,268.019989,266.109985,266.920013,55304900,252.547226
"2018-05-08",266.5,267.329987,265.149994,266.920013,67499200,252.547226
"2018-05-09",267.679993,269.869995,267.089996,269.5,59666100,254.988251
"2018-05-10",270.339996,272.390015,270.220001,272.019989,72063900,257.372559
"2018-05-11",272.160004,273.149994,271.579987,272.850006,59871500,258.157867
"2018-05-14",273.339996,274.079987,272.359985,272.980011,54790600,258.280914
"2018-05-15",271.589996,271.609985,270.029999,271.100006,87036100,256.502075
"2018-05-16",271.140015,272.76001,271.109985,272.23999,53942600,257.58078
"2018-05-17",271.940002,273.230011,271.130005,272.01001,56536400,257.363129
"2018-05-18",271.619995,272.029999,270.929993,271.329987,64368000,256.719727
"2018-05-21",273.01001,273.980011,272.570007,273.369995,58025900,258.649841
"2018-05-22",273.959991,274.25,272.23999,272.609985,52966400,257.930786
"2018-05-23",271.170013,273.390015,270.98999,273.359985,64694200,258.640411
"2018-05-24",272.910004,273.220001,270.779999,272.799988,76043800,258.110626
"2018-05-25",272.149994,272.859985,271.579987,272.149994,56374800,257.495575
"2018-05-29",270.309998,271.170013,267.76001,269.019989,115908600,254.534119
"2018-05-30",270.5,273.109985,270.420013,272.609985,69678400,257.930786
"2018-05-31",272.149994,272.48999,270.26001,270.940002,93519900,256.350739
"2018-06-01",272.410004,273.940002,272.329987,273.600006,71258400,258.867554
"2018-06-04",274.529999,275.190002,274.26001,274.899994,45385200,260.097504
"2018-06-05",275.049988,275.529999,274.179993,275.100006,51135000,260.286804
"2018-06-06",275.790009,277.519989,275.089996,277.399994,62732200,262.462921
"2018-06-07",277.950012,278.279999,276.339996,277.369995,72969400,262.434509
"2018-06-08",276.850006,278.25,276.660004,278.190002,72139700,263.210358
"2018-06-11",278.440002,279.369995,278.309998,278.559998,58892500,263.560455
"2018-06-12",279.029999,279.329987,278.190002,278.920013,72329000,263.901062
"2018-06-13",279.190002,279.480011,277.799988,278.029999,79070600,263.058929
"2018-06-14",279.01001,279.329987,278.059998,278.730011,77097600,263.721283
"2018-06-15",276.600006,277.51001,275.350006,277.130005,120041600,263.384796
"2018-06-18",275.48999,276.700012,274.950012,276.559998,52917600,262.84314
"2018-06-19",274,275.75,273.529999,275.5,97531500,261.835693
"2018-06-20",276.269989,276.720001,275.589996,275.970001,53785500,262.282379
"2018-06-21",275.959991,275.980011,273.679993,274.23999,71061400,260.638153
"2018-06-22",275.660004,275.790009,274.48999,274.73999,54898500,261.113373
"2018-06-25",273.440002,273.619995,269.100006,271,137854200,257.558838
"2018-06-26",271.640015,272.559998,270.790009,271.600006,68547400,258.12912
"2018-06-27",272.26001,273.869995,269.179993,269.350006,105110700,255.990707
"2018-06-28",269.290009,271.75,268.48999,270.890015,76650500,257.454346
"2018-06-29",272.119995,273.660004,271.149994,271.279999,97592500,257.824951
"2018-07-02",269.51001,272.040009,269.23999,271.859985,63554800,258.376221
"2018-07-03",272.869995,272.980011,270.420013,270.899994,42187100,257.463776
"2018-07-05",272.170013,273.179993,270.959991,273.109985,56925900,259.564209
"2018-07-06",273.140015,275.839996,272.709991,275.420013,66493700,261.759613
"2018-07-09",276.549988,277.959991,276.5,277.899994,50550400,264.116669
"2018-07-10",278.410004,279.01001,278.079987,278.899994,51966800,265.067017
"2018-07-11",277.149994,278.040009,276.519989,276.859985,77054700,263.128204
"2018-07-12",278.279999,279.429993,277.600006,279.369995,60124700,265.513733
"2018-07-13",279.170013,279.929993,278.660004,279.589996,48216000,265.722809
"2018-07-16",279.640015,279.799988,278.839996,279.339996,48201000,265.485229
"2018-07-17",278.470001,280.910004,278.410004,280.470001,52315500,266.559143
"2018-07-18",280.559998,281.179993,280.059998,281.059998,44593500,267.119965
"2018-07-19",280.309998,280.73999,279.459991,280,61412100,266.112488
"2018-07-20",279.769989,280.480011,279.5,279.679993,82337700,265.808319
"2018-07-23",279.450012,280.429993,279.059998,280.200012,47047600,266.302521
"2018-07-24",281.790009,282.559998,280.630005,281.609985,68026900,267.64267
"2018-07-25",281.329987,284.369995,281.279999,284.01001,78882900,269.923615
"2018-07-26",283.200012,284.109985,283.089996,283.339996,57919500,269.286865
"2018-07-27",283.709991,283.820007,280.380005,281.420013,76768700,267.462036
"2018-07-30",281.51001,281.690002,279.359985,279.950012,63742500,266.064972
"2018-07-31",280.809998,282.019989,280.380005,281.329987,68570500,267.376465
"2018-08-01",281.559998,282.130005,280.130005,280.859985,53853300,266.92981
"2018-08-02",279.390015,282.579987,279.160004,282.390015,63426400,268.383972
"2018-08-03",282.529999,283.660004,282.329987,283.600006,53935400,269.533936
"2018-08-06",283.640015,284.98999,283.200012,284.640015,39400900,270.522339
"2018-08-07",285.390015,286.01001,285.23999,285.579987,43196600,271.415771
"2018-08-08",285.390015,285.910004,284.940002,285.459991,42114600,271.301666
"2018-08-09",285.529999,285.970001,284.920013,285.070007,35717000,270.931061
"2018-08-10",283.450012,284.059998,282.359985,283.160004,77076000,269.115723
"2018-08-13",283.470001,284.160004,281.769989,282.100006,65732900,268.108368
"2018-08-14",282.920013,284.170013,282.480011,283.899994,43842000,269.819061
"2018-08-15",282.380005,282.540009,280.160004,281.779999,102925400,267.80423
"2018-08-16",283.399994,285.040009,283.359985,284.059998,69967900,269.971069
"2018-08-17",283.829987,285.559998,283.369995,285.059998,65618500,270.921539
"2018-08-20",285.570007,285.970001,285.059998,285.670013,39807500,271.501343
"2018-08-21",286.25,287.309998,285.709991,286.339996,67272000,272.138062
"2018-08-22",285.880005,286.76001,285.579987,286.170013,44993300,271.976501
"2018-08-23",285.970001,286.940002,285.429993,285.790009,49204900,271.615356
"2018-08-24",286.440002,287.670013,286.380005,287.51001,57487400,273.25
"2018-08-27",288.859985,289.899994,288.679993,289.779999,57072400,275.40741
"2018-08-28",290.299988,290.420013,289.399994,289.920013,46943500,275.540497
"2018-08-29",290.160004,291.73999,289.890015,291.480011,61485500,277.023102
"2018-08-30",290.940002,291.359985,289.630005,290.299988,61229500,275.901672
"2018-08-31",289.839996,290.809998,289.290009,290.309998,66140800,275.911133
"2018-09-04",289.839996,290.209991,288.679993,289.809998,57594400,275.435944
"2018-09-05",289.410004,289.640015,287.890015,289.029999,72452400,274.694611
"2018-09-06",289.149994,289.48999,287,288.160004,65909900,273.867798
"2018-09-07",286.980011,288.700012,286.709991,287.600006,73524800,273.335541
"2018-09-10",288.73999,289.040009,287.880005,288.100006,50210900,273.81073
"2018-09-11",287.369995,289.549988,286.980011,289.049988,50530500,274.713593
"2018-09-12",289.059998,289.799988,288.230011,289.119995,59810800,274.780182
"2018-09-13",290.320007,291.040009,290,290.829987,51034200,276.405334
"2018-09-14",291.059998,291.269989,290,290.880005,55079900,276.45282
"2018-09-17",290.820007,290.859985,289.029999,289.339996,68244000,274.989197
"2018-09-18",289.579987,291.579987,289.549988,290.910004,61930400,276.481384
"2018-09-19",290.970001,291.690002,290.829987,291.220001,49080600,276.776001
"2018-09-20",292.640015,293.940002,291.23999,293.579987,100360600,279.018982
"2018-09-21",293.089996,293.220001,291.809998,291.98999,105479700,278.764008
"2018-09-24",291.339996,291.5,290.369995,291.019989,53409600,277.837982
"2018-09-25",291.529999,291.649994,290.480011,290.75,44370000,277.580231
"2018-09-26",290.910004,292.23999,289.410004,289.880005,79739700,276.749634
"2018-09-27",290.410004,291.910004,290.100006,290.690002,59249500,277.522888
"2018-09-28",289.98999,291.279999,289.950012,290.720001,70091400,277.551575
"2018-10-01",292.109985,292.929993,290.980011,291.730011,62078900,278.515869
"2018-10-02",291.559998,292.359985,291.140015,291.559998,47258200,278.353485
"2018-10-03",292.73999,293.209991,291.320007,291.720001,64694600,278.506256
"2018-10-04",291.179993,291.23999,287.660004,289.440002,111545900,276.329529
"2018-10-05",289.690002,290.269989,286.220001,287.820007,105951700,274.782898
"2018-10-08",287.049988,288.220001,285.5,287.820007,87742200,274.782898
"2018-10-09",287.390015,288.859985,286.769989,287.399994,74339000,274.381927
"2018-10-10",286.829987,286.910004,277.880005,278.299988,214731000,265.694153
"2018-10-11",277.079987,278.899994,270.359985,272.170013,274840500,259.841797
"2018-10-12",276.769989,277.089996,272.369995,275.950012,183186500,263.450592
"2018-10-15",275.549988,277.040009,274.299988,274.399994,102263700,261.970764
"2018-10-16",276.600006,280.820007,276.070007,280.399994,118255800,267.698944
"2018-10-17",280.440002,281.149994,277.559998,280.450012,110626000,267.746735
"2018-10-18",279.399994,280.070007,274.970001,276.399994,134557500,263.880157
"2018-10-19",277.130005,279.299988,275.470001,276.25,139901600,263.73703
"2018-10-22",277,277.359985,274.410004,275.01001,82415800,262.553131
"2018-10-23",270.950012,274.869995,268.609985,273.609985,146352700,261.216583
"2018-10-24",273.329987,273.76001,264.700012,265.320007,177806700,253.302063
"2018-10-25",267.380005,271.809998,266.230011,270.079987,138061500,257.846466
"2018-10-26",265.920013,271,262.290009,265.329987,201574600,253.311615
"2018-10-29",268.799988,270.25,259.850006,263.859985,160749100,251.908218
"2018-10-30",263.670013,268.119995,263.119995,267.769989,157116000,255.641052
"2018-10-31",270.649994,273.230011,270.119995,270.630005,128296300,258.371552
"2018-11-01",271.600006,273.730011,270.380005,273.51001,99495000,261.121155
"2018-11-02",274.75,275.230011,269.589996,271.890015,122634100,259.574493
"2018-11-05",272.440002,274.01001,271.350006,273.390015,65622500,261.006561
"2018-11-06",273.320007,275.299988,273.25,275.119995,60085900,262.658173
"2018-11-07",277.559998,281.100006,277.079987,281.01001,102752100,268.281403
"2018-11-08",280.109985,281.220001,279.220001,280.5,65584900,267.794434
"2018-11-09",279.029999,279.23999,276.179993,277.76001,98812600,265.178619
"2018-11-12",277.190002,277.459991,271.98999,272.570007,99673600,260.223694
"2018-11-13",273.089996,275.329987,271.25,272.059998,98176600,259.736816
"2018-11-14",274.160004,274.609985,268.450012,270.200012,125335900,257.96109
"2018-11-15",268.779999,273.540009,267.01001,273.019989,135101400,260.65332
"2018-11-16",271.790009,274.75,271.209991,273.730011,126668000,261.331146
"2018-11-19",273.049988,273.380005,268.070007,269.100006,103061700,256.910828
"2018-11-20",265.359985,267,263.149994,264.119995,136021300,252.156433
"2018-11-21",265.859985,267.149994,265.01001,265.019989,75563700,253.015656
"2018-11-23",263.179993,264.820007,263.070007,263.25,42807900,251.325836
"2018-11-26",265.779999,267.75,265.339996,267.5,79981400,255.383347
"2018-11-27",266.339996,268.399994,265.660004,268.399994,75502400,256.242554
"2018-11-28",269.600006,274.579987,268.329987,274.579987,127629600,262.142639
"2018-11-29",273.709991,275.549988,272.429993,273.980011,82346400,261.569824
"2018-11-30",273.809998,276.279999,273.450012,275.649994,98204200,263.164185
"2018-12-03",280.279999,280.399994,277.51001,279.299988,103176300,266.648804
"2018-12-04",278.369995,278.850006,269.899994,270.25,177986000,258.008789
"2018-12-06",265.920013,269.970001,262.440002,269.839996,204185400,257.617371
"2018-12-07",269.459991,271.220001,262.630005,263.570007,161018900,251.631332
"2018-12-10",263.369995,265.160004,258.619995,264.070007,151445900,252.108704
"2018-12-11",267.660004,267.869995,262.480011,264.130005,121504400,252.165955
"2018-12-12",267.470001,269,265.369995,265.459991,97976700,253.43573
"2018-12-13",266.519989,267.48999,264.119995,265.369995,96662700,253.349808
"2018-12-14",262.959991,264.029999,259.850006,260.470001,116961100,248.671768
"2018-12-17",259.399994,260.649994,253.529999,255.360001,165492300,243.793243
"2018-12-18",257.200012,257.950012,253.279999,255.080002,134515100,243.525909
"2018-12-19",255.169998,259.399994,249.350006,251.259995,214992800,239.878937
"2018-12-20",249.860001,251.619995,244.649994,247.169998,252053400,235.974197
"2018-12-21",246.740005,249.710007,239.979996,240.699997,255345600,231.139191
"2018-12-24",239.039993,240.839996,234.270004,234.339996,147311600,225.031799
"2018-12-26",235.970001,246.179993,233.759995,246.179993,218485400,236.40152
"2018-12-27",242.570007,248.289993,238.960007,248.070007,186267300,238.216446
"2018-12-28",249.580002,251.399994,246.449997,247.75,153100200,237.909164
"2018-12-31",249.559998,250.190002,247.470001,249.919998,144299400,239.992966
"2019-01-02",245.979996,251.210007,245.949997,250.179993,126925200,240.24263
"2019-01-03",248.229996,248.570007,243.669998,244.210007,144140700,234.509766
"2019-01-04",247.589996,253.110001,247.169998,252.389999,142628800,242.364868
"2019-01-07",252.690002,255.949997,251.690002,254.380005,103139100,244.275818
"2019-01-08",256.820007,257.309998,254,256.769989,102512600,246.570862
"2019-01-09",257.559998,258.910004,256.190002,257.970001,95006600,247.723206
"2019-01-10",256.26001,259.160004,255.5,258.880005,96823900,248.597061
"2019-01-11",257.679993,259.01001,257.029999,258.980011,73858100,248.693115
"2019-01-14",256.859985,258.299988,256.410004,257.399994,70908200,247.175873
"2019-01-15",257.820007,260.700012,257.809998,260.350006,85208300,250.008698
"2019-01-16",260.829987,261.970001,260.600006,260.980011,77636700,250.613632
"2019-01-17",260.01001,263.920013,259.959991,262.959991,96118400,252.514999
"2019-01-18",264.980011,266.980011,263,266.459991,127900300,255.876007
"2019-01-22",264.820007,265.059998,261.059998,262.859985,115531200,252.418961
"2019-01-23",264.01001,264.790009,260.660004,263.410004,86030300,252.947128
"2019-01-24",263.209991,264.200012,262.079987,263.549988,59204100,253.081543
"2019-01-25",265.609985,266.700012,263.660004,265.779999,96883400,255.223007
"2019-01-28",263.390015,263.829987,261.790009,263.76001,85613700,253.283234
"2019-01-29",263.920013,264.549988,262.480011,263.410004,66136300,252.947128
"2019-01-30",265.100006,268.519989,264.25,267.579987,92473700,256.951538
"2019-01-31",267.51001,270.470001,267.269989,269.929993,104012100,259.20813
"2019-02-01",270.149994,271.200012,269.179993,270.059998,85782500,259.333008
"2019-02-04",270.109985,272.029999,269.359985,271.959991,60744800,261.157471
"2019-02-05",272.440002,273.440002,271.880005,273.100006,79552800,262.252258
"2019-02-06",272.790009,273.339996,271.920013,272.73999,58347800,261.906555
"2019-02-07",270.940002,271.549988,268.290009,270.140015,95482000,259.409851
"2019-02-08",268.75,270.579987,267.829987,270.470001,75788900,259.726715
"2019-02-11",271.200012,271.48999,270.029999,270.619995,68021400,259.870758
"2019-02-12",272.420013,274.519989,272.339996,274.100006,72270200,263.212524
"2019-02-13",275.029999,275.929993,274.559998,274.98999,65277200,264.067139
"2019-02-14",273.779999,275.640015,272.869995,274.380005,83234400,263.481415
"2019-02-15",276.359985,277.410004,276.130005,277.369995,97088700,266.3526
"2019-02-19",276.480011,278.579987,276.470001,277.850006,59120800,266.813568
"2019-02-20",277.809998,278.920013,277.25,278.410004,76610800,267.351318
"2019-02-21",277.700012,278.100006,276.350006,277.420013,64214700,266.400696
"2019-02-22",278.109985,279.359985,277.399994,279.140015,78114600,268.052338
"2019-02-25",280.730011,281.309998,279.429993,279.519989,69030700,268.417236
"2019-02-26",279.130005,280.299988,278.899994,279.320007,56844100,268.225189
"2019-02-27",278.519989,279.589996,277.480011,279.200012,56921600,268.109924
"2019-02-28",278.959991,279.450012,278.320007,278.679993,69268300,267.610535
"2019-03-01",280.440002,280.880005,278.820007,280.420013,78880500,269.281525
"2019-03-04",281.600006,281.869995,276.839996,279.399994,106494600,268.302002
"2019-03-05",279.540009,279.76001,278.410004,279.019989,59114600,267.937073
"2019-03-06",279.149994,279.160004,276.970001,277.329987,75039800,266.31424
"2019-03-07",276.829987,276.98999,274.070007,275.01001,94885100,264.086334
"2019-03-08",272.940002,274.649994,272.420013,274.459991,85795800,263.558197
"2019-03-11",275.26001,278.619995,275.230011,278.440002,65098900,267.380127
"2019-03-12",279.059998,280.070007,278.850006,279.48999,79667500,268.388397
"2019-03-13",280.480011,282.380005,280.299988,281.339996,80639200,270.164978
"2019-03-14",281.369995,281.839996,280.670013,281.160004,67518400,269.992035
"2019-03-15",280.540009,282.209991,280.329987,281.309998,81309000,271.326019
"2019-03-18",281.549988,282.660004,281.299988,282.329987,62199800,272.309814
"2019-03-19",283.51001,284.359985,281.410004,282.399994,90268100,272.377319
"2019-03-20",282.160004,283.5,280.320007,281.549988,84609200,271.557465
"2019-03-21",280.640015,285.179993,280.589996,284.730011,79550400,274.624664
"2019-03-22",283.220001,283.799988,279.179993,279.25,122659300,269.339142
"2019-03-25",278.869995,280.190002,277.640015,279.040009,85575200,269.136566
"2019-03-26",280.98999,282.179993,279.559998,281.119995,68125900,271.142761
"2019-03-27",281.109985,281.76001,277.929993,279.649994,72224700,269.724884
"2019-03-28",280.350006,281.209991,279.070007,280.709991,56238500,270.747253
"2019-03-29",282.390015,282.839996,281.140015,282.480011,82186800,272.454498
"2019-04-01",284.700012,286.160004,284.399994,285.829987,77617900,275.685608
"2019-04-02",286.040009,286.230011,285.089996,285.970001,40070400,275.820648
"2019-04-03",287.320007,287.76001,285.75,286.420013,68243200,276.254669
"2019-04-04",286.779999,287.459991,286.01001,287.179993,48997500,276.987671
"2019-04-05",287.920013,288.630005,287.600006,288.570007,58621700,278.328339
"2019-04-08",288.100006,288.910004,287.369995,288.790009,53566300,278.540558
"2019-04-09",287.720001,288.079987,286.700012,287.309998,66142300,277.113068
"2019-04-10",287.769989,288.390015,287.309998,288.290009,52601500,278.058319
"2019-04-11",288.829987,288.839996,287.579987,288.209991,55093100,277.98114
"2019-04-12",290,290.470001,288.26001,290.160004,69727800,279.861938
"2019-04-15",290.23999,290.350006,289.079987,289.970001,49596700,279.678619
"2019-04-16",290.950012,291.01001,289.5,290.160004,52153200,279.861938
"2019-04-17",291.399994,291.429993,288.98999,289.450012,58268300,279.177124
"2019-04-18",290.100006,290.320007,288.660004,290.019989,68708500,279.726898
"2019-04-22",289.170013,290.440002,289.070007,290.269989,40160100,279.967957
"2019-04-23",290.679993,293.140015,290.420013,292.880005,52246600,282.485352
"2019-04-24",292.790009,293.160004,292.070007,292.230011,50392900,281.858429
"2019-04-25",292.119995,292.779999,290.730011,292.049988,57770900,281.684845
"2019-04-26",292.100006,293.48999,291.23999,293.410004,50916400,282.996582
"2019-04-29",293.51001,294.450012,293.410004,293.869995,57197700,283.440216
"2019-04-30",293.48999,294.339996,291.920013,294.019989,81111700,283.5849
"2019-05-01",294.720001,294.950012,291.799988,291.809998,71671900,281.453369
"2019-05-02",291.679993,292.700012,289.519989,291.179993,65030200,280.845673
"2019-05-03",292.820007,294.339996,291.299988,294.029999,56543700,283.594574
"2019-05-06",289.25,293.309998,288.899994,292.820007,107198100,282.427521
"2019-05-07",290.149994,290.809998,285.809998,287.929993,144729900,277.711029
"2019-05-08",287.529999,289.429993,286.869995,287.529999,91568300,277.325256
"2019-05-09",285.230011,287.329987,283.299988,286.660004,103471100,276.486145
"2019-05-10",285.619995,288.940002,282.299988,288.100006,112429300,277.875061
"2019-05-13",282.420013,283.48999,279.929993,280.859985,127290500,270.891968
"2019-05-14",281.98999,285.100006,281.850006,283.399994,77003200,273.341827
"2019-05-15",281.589996,285.769989,281.359985,285.059998,73956400,274.942902
"2019-05-16",285.839996,289.209991,285.76001,287.700012,76749600,277.489227
"2019-05-17",285.140015,288.600006,285.119995,285.839996,100353000,275.69519
"2019-05-20",284.059998,285.959991,283.119995,283.950012,62877600,273.872345
"2019-05-21",285.829987,286.929993,285.549988,286.51001,46847100,276.341431
"2019-05-22",285.450012,286.690002,285.100006,285.630005,49482500,275.492676
"2019-05-23",283.160004,283.209991,280.570007,282.140015,98733800,272.126526
"2019-05-24",283.73999,284.200012,282.089996,282.779999,55268100,272.743835
"2019-05-28",283.089996,284.149994,280.130005,280.149994,70029400,270.207153
"2019-05-29",278.910004,279.359985,276.709991,278.269989,104972900,268.393951
"2019-05-30",279.109985,280.040009,277.809998,279.029999,62523800,269.126923
"2019-05-31",276.200012,277.119995,275.23999,275.269989,86862800,265.500397
"2019-06-03",275.309998,276.549988,273.089996,274.570007,96428000,264.825195
"2019-06-04",277.119995,280.679993,276.619995,280.529999,77231900,270.573669
"2019-06-05",282.329987,282.98999,280.320007,282.959991,71169700,272.91745
"2019-06-06",283.290009,285.549988,282.570007,284.799988,69430400,274.692108
"2019-06-07",285.929993,288.850006,285.73999,287.649994,74272200,277.440979
"2019-06-10",289.369995,290.820007,288.869995,288.970001,60799100,278.714111
"2019-06-11",290.98999,291.399994,288.179993,288.899994,58641300,278.646637
"2019-06-12",288.640015,289.26001,287.820007,288.390015,47096300,278.154755
"2019-06-13",289.399994,289.980011,288.619995,289.579987,48945200,279.30246
"2019-06-14",289.26001,289.929993,288.410004,289.26001,52324700,278.993866
"2019-06-17",289.519989,290.220001,289.179993,289.369995,39205700,279.100006
"2019-06-18",291.390015,293.570007,290.98999,292.399994,85434800,282.02243
"2019-06-19",292.549988,293.649994,291.470001,293.059998,78674400,282.658997
"2019-06-20",296.040009,296.309998,293.130005,295.859985,116570000,285.359589
"2019-06-21",294.130005,295.519989,293.76001,294,83309500,284.944824
"2019-06-24",294.230011,294.579987,293.470001,293.640015,47582700,284.595917
"2019-06-25",293.700012,293.730011,290.640015,290.76001,82028700,281.804565
"2019-06-26",291.75,292.309998,290.350006,290.470001,51584900,281.523499
"2019-06-27",291.309998,292.059998,290.890015,291.5,40355200,282.52179
"2019-06-28",292.579987,293.549988,292.01001,293,59350900,283.975586
"2019-07-01",296.679993,296.920013,294.329987,295.660004,78705600,286.55368
"2019-07-02",295.609985,296.48999,294.679993,296.429993,61504500,287.299988
"2019-07-03",297.179993,298.820007,297.019989,298.799988,40898900,289.596954
"2019-07-05",297.440002,298.640015,296.01001,298.459991,51677300,289.267426
"2019-07-08",297.01001,298.26001,296.220001,296.820007,45841800,287.677979
"2019-07-09",295.540009,297.519989,295.480011,297.190002,41101300,288.03653
"2019-07-10",298.369995,299.660004,297.779999,298.609985,58448500,289.412811
"2019-07-11",299.320007,299.579987,298.200012,299.309998,50826100,290.091217
"2019-07-12",299.850006,300.730011,299.51001,300.649994,40326000,291.389984
"2019-07-15",301.130005,301.130005,300.190002,300.75,33900000,291.486847
"2019-07-16",300.649994,300.880005,299.440002,299.779999,36650100,290.546814
"2019-07-17",299.75,299.929993,297.73999,297.73999,36036300,288.56958
"2019-07-18",297.190002,299.25,296.700012,298.829987,51392600,289.626038
"2019-07-19",300.040009,300.070007,296.980011,297.170013,58678600,288.017151
"2019-07-22",297.609985,298.5,297.040009,297.899994,43638100,288.72464
"2019-07-23",299.140015,300.029999,298.220001,300.029999,44564500,290.789093
"2019-07-24",299.190002,301.440002,299.089996,301.440002,47213200,292.15564
"2019-07-25",300.940002,301,299.109985,300,55394100,290.76001
"2019-07-26",300.76001,302.230011,300.619995,302.01001,45084100,292.708038
"2019-07-29",301.880005,302.01001,300.850006,301.459991,38126500,292.174988
"2019-07-30",299.910004,301.170013,299.48999,300.720001,45849000,291.457825
"2019-07-31",300.98999,301.200012,295.200012,297.429993,104245200,288.269165
"2019-08-01",297.600006,300.869995,293.959991,294.839996,142646600,285.758942
"2019-08-02",293.850006,294.119995,290.899994,292.619995,116749700,283.60733
"2019-08-05",288.089996,288.209991,281.720001,283.820007,178745400,275.078369
"2019-08-06",285.910004,288.040009,284.279999,287.799988,120711700,278.93576
"2019-08-07",284.399994,288.820007,282.040009,287.970001,140572300,279.100555
"2019-08-08",289.619995,293.619995,289.01001,293.619995,87713900,284.576477
"2019-08-09",292.579987,293.23999,289.649994,291.619995,93730000,282.638062
"2019-08-12",289.959991,291.609985,287.019989,288.070007,65527600,279.197479
"2019-08-13",287.73999,294.149994,287.359985,292.549988,94299800,283.539398
"2019-08-14",288.070007,288.73999,283.76001,283.899994,135622100,275.155853
"2019-08-15",284.880005,285.640015,282.390015,284.649994,99556600,275.882782
"2019-08-16",286.480011,289.329987,284.709991,288.850006,83018300,279.9534
"2019-08-19",292.190002,293.079987,291.440002,292.329987,53571800,283.326233
"2019-08-20",291.769989,292.359985,289.950012,290.089996,51596400,281.155212
"2019-08-21",292.480011,292.859985,291.720001,292.450012,49524700,283.442535
"2019-08-22",293.230011,293.929993,290.399994,292.359985,51666400,283.355286
"2019-08-23",290.920013,292.76001,283.470001,284.850006,149161500,276.076599
"2019-08-26",287.269989,288,285.579987,288,72423800,279.129608
"2019-08-27",289.540009,289.950012,286.029999,286.869995,66668900,278.034424
"2019-08-28",286.140015,289.070007,285.25,288.890015,59696700,279.992218
"2019-08-29",291.720001,293.160004,290.609985,292.579987,57899400,283.568512
"2019-08-30",294.220001,294.23999,291.420013,292.450012,62901200,283.442535
"2019-09-03",290.570007,291.579987,289.269989,290.73999,69101400,281.785187
"2019-09-04",293.140015,294.059998,292.309998,294.040009,46887300,284.983582
"2019-09-05",296.790009,298.829987,294,297.820007,83258100,288.647125
"2019-09-06",298.170013,298.76001,297.420013,298.049988,49584300,288.870087
"2019-09-09",299.140015,299.23999,297.160004,298.200012,51260300,289.015411
"2019-09-10",297.359985,298.200012,295.970001,298.130005,57947100,288.947571
"2019-09-11",298.470001,300.339996,297.75,300.25,68821100,291.002289
"2019-09-12",301.25,302.459991,300.410004,301.290009,72908700,292.010284
"2019-09-13",301.779999,302.170013,300.679993,301.089996,62104800,291.816437
"2019-09-16",299.839996,301.140015,299.450012,300.160004,58191200,290.91507
"2019-09-17",299.940002,301.019989,299.75,300.920013,41475500,291.651672
"2019-09-18",300.48999,301.220001,298.23999,301.100006,73375800,291.826111
"2019-09-19",301.529999,302.630005,300.709991,301.079987,76560500,291.806702
"2019-09-20",300.359985,300.670013,297.410004,298.279999,89565000,290.428009
"2019-09-23",297.549988,299,297.269989,298.209991,43476800,290.359833
"2019-09-24",299.410004,299.839996,294.809998,295.869995,94869400,288.081482
"2019-09-25",295.959991,298.109985,294.329987,297.619995,71854000,289.78537
"2019-09-26",297.630005,297.859985,295.450012,297,56179700,289.181702
"2019-09-27",297.829987,297.950012,293.690002,295.399994,84746600,287.62381
"2019-09-30",295.970001,297.549988,295.920013,296.769989,51662400,288.957764
"2019-10-01",297.73999,298.459991,293,293.23999,88242400,285.52063
"2019-10-02",291.5,291.51001,286.640015,288.059998,122539500,280.477051
"2019-10-03",287.809998,290.450012,284.820007,290.420013,85278800,282.774933
"2019-10-04",291.140015,294.630005,291.079987,294.350006,65091200,286.601471
"2019-10-07",293.470001,295.26001,292.769989,293.079987,59610500,285.364838
"2019-10-08",291.040009,291.850006,288.48999,288.529999,95708100,280.934662
"2019-10-09",290.75,292.299988,290.059998,291.269989,62359400,283.602539
"2019-10-10",291.179993,294.209991,291,293.23999,55296300,285.52063
"2019-10-11",296.269989,298.73999,296.140015,296.279999,98720400,288.480621
"2019-10-14",295.929993,296.670013,295.570007,295.950012,40394800,288.159332
"2019-10-15",297.100006,299.700012,296.970001,298.880005,46754500,291.012207
"2019-10-16",298.369995,299.160004,297.920013,298.399994,48928200,290.544861
"2019-10-17",299.679993,300.23999,298.519989,299.279999,45736600,291.401672
"2019-10-18",298.690002,299.399994,297.029999,297.970001,64304000,290.12616
"2019-10-21",299.420013,300.209991,298.940002,299.98999,39048600,292.092957
"2019-10-22",300.579987,300.899994,298.910004,299.01001,48594700,291.138733
"2019-10-23",298.730011,299.940002,298.5,299.880005,34352200,291.985901
"2019-10-24",300.910004,301.070007,299.459991,300.369995,35453100,292.463013
"2019-10-25",299.73999,302.200012,299.679993,301.600006,45205400,293.660614
"2019-10-28",302.940002,303.850006,302.910004,303.299988,42147000,295.315826
"2019-10-29",303,304.230011,302.859985,303.209991,44284900,295.22818
"2019-10-30",303.429993,304.549988,301.98999,304.140015,49643900,296.133759
"2019-10-31",304.130005,304.130005,301.730011,303.329987,69053800,295.345062
"2019-11-01",304.920013,306.190002,304.73999,306.140015,71141500,298.081146
"2019-11-04",307.850006,308,306.959991,307.369995,60606900,299.278717
"2019-11-05",307.589996,307.920013,306.709991,307.029999,42933200,298.947662
"2019-11-06",307.029999,307.399994,306.059998,307.100006,46487100,299.015808
"2019-11-07",308.570007,309.649994,307.660004,308.179993,54272300,300.067413
"2019-11-08",307.799988,309,307.029999,308.940002,49032100,300.807434
"2019-11-11",307.420013,308.540009,307.269989,308.350006,35797300,300.232941
"2019-11-12",308.75,309.98999,308.149994,309,46484600,300.865753
"2019-11-13",307.910004,309.540009,307.660004,309.100006,53917700,300.963165
"2019-11-14",308.790009,309.640015,308.089996,309.549988,51219900,301.401306
"2019-11-15",311.019989,311.839996,310.26001,311.790009,62023600,303.582367
"2019-11-18",311.529999,312.279999,311.029999,312.019989,49228000,303.806274
"2019-11-19",312.679993,312.690002,311.220001,311.929993,67804700,303.718689
"2019-11-20",311.279999,311.850006,309.059998,310.769989,79406200,302.589233
"2019-11-21",310.890015,311.01001,309.390015,310.269989,54664700,302.102356
"2019-11-22",311.089996,311.23999,309.850006,310.959991,44850200,302.774231
"2019-11-25",311.980011,313.369995,311.980011,313.369995,48647200,305.120789
"2019-11-26",313.410004,314.279999,313.059998,314.079987,37569000,305.812073
"2019-11-27",314.609985,315.480011,314.369995,315.480011,44444600,307.175262
"2019-11-29",314.859985,315.130005,314.059998,314.309998,36592700,306.036011
"2019-12-02",314.589996,314.660004,311.170013,311.640015,75767800,303.43631
"2019-12-03",308.649994,309.640015,307.130005,309.549988,73941700,301.401306
"2019-12-04",310.700012,312.119995,310.320007,311.459991,49080000,303.261017
"2019-12-05",312.230011,312.25,310.579987,312.019989,40709000,303.806274
"2019-12-06",314.119995,315.309998,314.109985,314.869995,48927000,306.581268
"2019-12-09",314.440002,315.179993,313.799988,313.880005,34838500,305.61734
"2019-12-10",313.820007,314.549988,312.809998,313.529999,52649800,305.27655
"2019-12-11",314.029999,314.700012,313.440002,314.420013,53429100,306.143127
"2019-12-12",314.429993,317.98999,314.170013,317.130005,96389600,308.781799
"2019-12-13",316.869995,318.670013,316.019989,317.320007,81503900,308.966797
"2019-12-16",319.220001,320.149994,317.25,319.5,82749700,311.089386
"2019-12-17",319.920013,320.25,319.480011,319.570007,61097700,311.157562
"2019-12-18",320,320.25,319.529999,319.589996,48133000,311.177032
"2019-12-19",319.799988,320.980011,319.519989,320.899994,85310500,312.452545
"2019-12-20",320.459991,321.970001,319.390015,320.730011,147142100,313.822418
"2019-12-23",321.589996,321.649994,321.059998,321.220001,52990000,314.301849
"2019-12-24",321.470001,321.519989,320.899994,321.230011,20270000,314.311646
"2019-12-26",321.649994,322.950012,321.640015,322.940002,30911200,315.984802
"2019-12-27",323.73999,323.799988,322.279999,322.859985,42528800,315.906494
"2019-12-30",322.950012,323.100006,320.549988,321.079987,49729100,314.164856
"2019-12-31",320.529999,322.130005,320.149994,321.859985,57077300,314.92804
"2020-01-02",323.540009,324.890015,322.529999,324.869995,59151200,317.873199
"2020-01-03",321.160004,323.640015,321.100006,322.410004,77709700,315.466217
"2020-01-06",320.48999,323.730011,320.359985,323.640015,55653900,316.669739
"2020-01-07",323.019989,323.540009,322.23999,322.730011,40496400,315.779327
"2020-01-08",322.940002,325.779999,322.670013,324.450012,68296000,317.462311
"2020-01-09",326.160004,326.730011,325.519989,326.649994,48473300,319.614868
"2020-01-10",327.290009,327.459991,325.200012,325.709991,53029300,318.695129
"2020-01-13",326.390015,327.959991,325.920013,327.950012,47086800,320.886871
"2020-01-14",327.470001,328.619995,326.839996,327.450012,62832800,320.397675
"2020-01-15",327.350006,329.019989,327.26001,328.190002,72056600,321.121704
"2020-01-16",329.700012,330.920013,329.450012,330.920013,54050300,323.792938
"2020-01-17",331.700012,332.179993,330.850006,331.950012,95846000,324.800781
"2020-01-21",330.899994,332.179993,330.820007,331.299988,77742400,324.164764
"2020-01-22",332.23999,332.950012,331.170013,331.339996,48914900,324.203857
"2020-01-23",330.630005,332.170013,329.410004,331.720001,51963000,324.575714
"2020-01-24",332.440002,332.529999,327.359985,328.769989,87578400,321.689209
"2020-01-27",323.029999,325.119995,322.660004,323.5,84062500,316.532745
"2020-01-28",325.059998,327.850006,323.600006,326.890015,63834000,319.849731
"2020-01-29",328.380005,328.630005,326.399994,326.619995,53888900,319.58551
"2020-01-30",324.359985,327.910004,323.540009,327.679993,75491800,320.622711
"2020-01-31",327,327.170013,320.730011,321.730011,113845600,314.800873
"2020-02-03",323.350006,326.160004,323.220001,324.119995,69242300,317.139404
"2020-02-04",328.070007,330.01001,327.720001,329.059998,62573200,321.972961
"2020-02-05",332.269989,333.089996,330.670013,332.859985,65951100,325.691132
"2020-02-06",333.910004,334.190002,332.799988,333.980011,50359700,326.787018
"2020-02-07",332.820007,333.98999,331.600006,332.200012,64139400,325.045349
"2020-02-10",331.230011,334.75,331.190002,334.679993,42070000,327.471954
"2020-02-11",336.160004,337.019989,334.679993,335.26001,54864500,328.039459
"2020-02-12",336.829987,337.649994,336.429993,337.420013,43992700,330.152954
"2020-02-13",335.859985,338.119995,335.559998,337.059998,54501900,329.80069
"2020-02-14",337.51001,337.730011,336.200012,337.600006,64582200,330.329071
"2020-02-18",336.51001,337.670013,335.209991,336.730011,57226200,329.477783
"2020-02-19",337.790009,339.079987,337.480011,338.339996,48814700,331.05307
"2020-02-20",337.73999,338.640015,333.679993,336.950012,74163400,329.693085
"2020-02-21",335.470001,335.809998,332.579987,333.480011,113788200,326.297821
"2020-02-24",323.140015,333.559998,321.23999,322.420013,161088400,315.475983
"2020-02-25",323.940002,324.609985,311.690002,312.649994,218913200,305.916382
"2020-02-26",314.179993,318.109985,310.700012,311.5,194773800,304.791199
"2020-02-27",305.459991,311.559998,297.51001,297.51001,284353500,291.102509
"2020-02-28",288.700012,297.890015,285.540009,296.26001,385764000,289.879395
"2020-03-02",298.209991,309.160004,294.459991,309.089996,238703600,302.433044
"2020-03-03",309.5,313.839996,297.570007,300.23999,300139100,293.773682
"2020-03-04",306.119995,313.100006,303.329987,312.859985,176613400,306.121857
"2020-03-05",304.980011,308.470001,300.01001,302.459991,186366800,295.945862
"2020-03-06",293.149994,298.779999,290.230011,297.459991,228667200,291.053558
"2020-03-09",275.299988,284.190002,273.450012,274.230011,309417300,268.323883
"2020-03-10",284.640015,288.519989,273.5,288.420013,276444100,282.208282
"2020-03-11",280.700012,281.940002,270.880005,274.359985,255316300,268.45108
"2020-03-12",256,266.660004,247.679993,248.110001,392220700,242.766418
"2020-03-13",263.089996,271.480011,248.520004,269.320007,329566100,263.519592
"2020-03-16",241.179993,256.899994,237.360001,239.850006,297240000,234.684326
"2020-03-17",245.039993,256.170013,237.070007,252.800003,262070500,247.355408
"2020-03-18",236.25,248.369995,228.020004,240,327597100,234.83107
"2020-03-19",239.25,247.380005,232.220001,240.509995,289322000,235.330078
"2020-03-20",242.529999,244.470001,228.5,228.800003,347158800,225.188736
"2020-03-23",228.190002,229.679993,218.259995,222.949997,326025200,219.431061
"2020-03-24",234.419998,244.100006,233.800003,243.149994,235494500,239.312241
"2020-03-25",244.869995,256.350006,239.75,246.789993,299430300,242.894791
"2020-03-26",249.520004,262.799988,249.050003,261.200012,257632800,257.077362
"2020-03-27",253.270004,260.809998,251.050003,253.419998,224341200,249.420135
"2020-03-30",255.699997,262.429993,253.529999,261.649994,171369500,257.520233
"2020-03-31",260.559998,263.329987,256.220001,257.75,194881100,253.681808
"2020-04-01",247.979996,257.660004,243.899994,246.149994,189554600,242.264893
"2020-04-02",245.190002,252.679993,244.589996,251.830002,177660400,247.855255
"2020-04-03",250.759995,253.320007,245.220001,248.190002,135561200,244.272705
"2020-04-06",257.839996,267,248.169998,264.859985,188061200,260.679565
"2020-04-07",274.209991,275.029999,264.890015,265.130005,201427200,260.945343
"2020-04-08",267.959991,276,265.25,274.029999,153774500,269.704834
"2020-04-09",277.579987,281.200012,275.470001,278.200012,190282700,273.809021
"2020-04-13",277.140015,277.51001,271.410004,275.660004,114839100,271.309113
"2020-04-14",280.980011,284.899994,275.51001,283.790009,134143400,279.310822
"2020-04-15",277.570007,283.940002,275.459991,277.76001,121775000,273.375977
"2020-04-16",279.149994,280.029999,275.76001,279.100006,131798300,274.694824
"2020-04-17",285.380005,287.299988,282.399994,286.640015,146684800,282.115784
"2020-04-20",282.609985,286.790009,281.350006,281.589996,100109300,277.145508
"2020-04-21",276.730011,278.040009,272.019989,273.040009,126385700,268.730469
"2020-04-22",278.350006,281,276.910004,279.100006,93524600,274.694824
"2020-04-23",280.48999,283.940002,278.75,279.079987,104709700,274.67511
"2020-04-24",280.730011,283.700012,278.5,282.970001,85166000,278.503754
"2020-04-27",285.119995,288.269989,284.619995,287.049988,77896600,282.519348
"2020-04-28",291.019989,291.399994,285.399994,285.730011,105270000,281.220184
"2020-04-29",291.529999,294.880005,290.410004,293.209991,118745600,288.582092
"2020-04-30",291.709991,293.320007,288.589996,290.480011,122901700,285.895233
"2020-05-01",285.309998,290.660004,281.519989,282.790009,125180000,278.326569
"2020-05-04",280.73999,283.899994,279.130005,283.570007,80873200,279.094299
"2020-05-05",286.640015,289.25,283.709991,286.190002,79569900,281.672913
"2020-05-06",288.040009,288.459991,283.779999,284.25,73632600,279.76355
"2020-05-07",287.75,289.779999,287.130005,287.679993,75250400,283.139404
"2020-05-08",291.089996,292.950012,289.859985,292.440002,76622100,287.82428
"2020-05-11",290.339996,294,289.880005,292.5,79514200,287.883301
"2020-05-12",293.790009,294.23999,286.519989,286.670013,95870800,282.145355
"2020-05-13",286.059998,287.190002,278.959991,281.600006,144721100,277.155365
"2020-05-14",278.950012,285.109985,272.98999,284.970001,121977900,280.472198
"2020-05-15",282.369995,286.329987,281.339996,286.279999,111146300,281.761536
"2020-05-18",293.049988,296.75,292.700012,295,120320200,290.343842
"2020-05-19",294.350006,296.209991,291.950012,291.970001,95189300,287.361664
"2020-05-20",295.820007,297.869995,295.570007,296.929993,85861700,292.243408
"2020-05-21",296.790009,297.670013,293.690002,294.880005,78293900,290.225769
"2020-05-22",294.570007,295.630005,293.220001,295.440002,63958200,290.776947
"2020-05-26",301.929993,302.190002,295.459991,299.079987,88951400,294.359436
"2020-05-27",302.119995,303.570007,296.869995,303.529999,104817400,298.739227
"2020-05-28",304.649994,306.839996,302.23999,302.970001,90405200,298.18808
"2020-05-29",302.459991,304.959991,299.470001,304.320007,119265700,299.516785
"2020-06-01",303.619995,306.209991,303.059998,305.549988,55758300,300.727325
"2020-06-02",306.549988,308.130005,305.100006,308.079987,74267200,303.217377
"2020-06-03",310.23999,313.220001,309.940002,312.179993,92567600,307.252716
"2020-06-04",311.109985,313,309.079987,311.359985,75794400,306.445618
"2020-06-05",317.230011,321.269989,317.160004,319.339996,150524700,314.299652
"2020-06-08",320.220001,323.410004,319.630005,323.200012,73641200,318.098785
"2020-06-09",320.299988,323.279999,319.359985,320.790009,77479200,315.726807
"2020-06-10",321.420013,322.390015,318.220001,319,95000800,313.965057
"2020-06-11",311.459991,312.149994,300.01001,300.609985,209243600,295.865326
"2020-06-12",308.23999,309.079987,298.600006,304.209991,194678900,299.408508
"2020-06-15",298.019989,308.279999,296.73999,307.049988,135782700,302.203674
"2020-06-16",315.480011,315.640015,307.670013,312.959991,137627500,308.020386
"2020-06-17",314.070007,314.390015,310.859985,311.660004,83398900,306.740906
"2020-06-18",310.01001,312.299988,309.51001,311.779999,80828700,306.859009
"2020-06-19",314.170013,314.380005,306.529999,308.640015,135549600,305.105347
"2020-06-22",307.98999,311.049988,306.75,310.619995,74649400,307.062653
"2020-06-23",313.48999,314.5,311.609985,312.049988,68471200,308.476257
"2020-06-24",309.839996,310.51001,302.100006,304.089996,132813500,300.607452
"2020-06-25",303.470001,307.640015,301.279999,307.350006,89468000,303.830109
"2020-06-26",306.160004,306.390015,299.420013,300.049988,127961000,296.613739
"2020-06-29",301.410004,304.609985,298.929993,304.459991,79773300,300.973206
"2020-06-30",303.98999,310.200012,303.820007,308.359985,113394800,304.828522
"2020-07-01",309.570007,311.890015,309.070007,310.519989,72396500,306.963806
"2020-07-02",314.23999,315.700012,311.51001,312.230011,69344200,308.654205
"2020-07-06",316.369995,317.679993,315.559998,317.049988,61713800,313.419037
"2020-07-07",315.380005,317.519989,313.369995,313.779999,82910000,310.186493
"2020-07-08",314.609985,316.299988,312.700012,316.179993,54638600,312.55896
"2020-07-09",316.839996,317.100006,310.679993,314.380005,83354200,310.779572
"2020-07-10",314.309998,317.880005,312.76001,317.589996,57550400,313.95285
"2020-07-13",320.130005,322.709991,314.130005,314.839996,102997500,311.234314
"2020-07-14",313.299988,319.76001,312,318.920013,93657000,315.267639
"2020-07-15",322.410004,323.040009,319.269989,321.850006,87196500,318.164063
"2020-07-16",319.790009,321.279999,319.089996,320.790009,54622500,317.116211
"2020-07-17",321.880005,322.570007,319.73999,321.720001,62774900,318.035522
"2020-07-20",321.429993,325.130005,320.619995,324.320007,56308800,320.605774
"2020-07-21",326.450012,326.929993,323.940002,325.01001,57499000,321.287872
"2020-07-22",324.619995,327.200012,324.5,326.859985,57792900,323.116669
"2020-07-23",326.470001,327.230011,321.480011,322.959991,75738000,319.261322
"2020-07-24",320.950012,321.98999,319.25,320.880005,73766600,317.20517
"2020-07-27",321.630005,323.410004,320.769989,323.220001,48293000,319.518341
"2020-07-28",322.429993,323.640015,320.850006,321.170013,57495000,317.491852
"2020-07-29",322.119995,325.730011,322.079987,325.119995,48454200,321.396606
"2020-07-30",321.899994,324.410004,319.640015,323.959991,61861700,320.249878
"2020-07-31",325.899994,326.630005,321.329987,326.519989,85210800,322.780548
"2020-08-03",328.320007,329.619995,327.730011,328.790009,53077900,325.024567
"2020-08-04",327.859985,330.059998,327.859985,330.059998,41917900,326.280029
"2020-08-05",331.470001,332.390015,331.179993,332.109985,42866400,328.306519
"2020-08-06",331.480011,334.459991,331.130005,334.329987,43679400,330.501129
"2020-08-07",333.279999,334.880005,332.299988,334.570007,57308300,330.738403
"2020-08-10",335.059998,335.769989,332.959991,335.570007,44282100,331.726929
"2020-08-11",336.850006,337.540009,332.01001,332.799988,69601100,328.988647
"2020-08-12",335.440002,338.279999,335.410004,337.440002,53826100,333.575531
"2020-08-13",336.609985,338.25,335.829987,336.829987,41816100,332.972443
"2020-08-14",336.410004,337.420013,335.619995,336.839996,47260400,332.982361
"2020-08-17",337.940002,338.339996,336.850006,337.910004,35481000,334.040131
"2020-08-18",338.339996,339.100006,336.609985,338.640015,38733900,334.76178
"2020-08-19",339.049988,339.609985,336.619995,337.230011,68054200,333.36792
"2020-08-20",335.359985,338.799988,335.220001,338.279999,42207800,334.405914
"2020-08-21",337.920013,339.720001,337.549988,339.480011,55106600,335.592133
"2020-08-24",342.119995,343,339.450012,342.920013,48588700,338.992767
"2020-08-25",343.529999,344.209991,342.269989,344.119995,38463400,340.179016
"2020-08-26",344.76001,347.859985,344.170013,347.570007,50790200,343.589508
"2020-08-27",348.51001,349.899994,346.529999,348.329987,58034100,344.340759
"2020-08-28",349.440002,350.720001,348.149994,350.579987,48588900,346.565033
"2020-08-31",350.350006,351.299988,349.059998,349.309998,66099200,345.30957
"2020-09-01",350.209991,352.709991,349.23999,352.600006,54999300,348.56189
"2020-09-02",354.670013,358.75,353.429993,357.700012,69540000,353.603485
"2020-09-03",355.869995,356.380005,342.589996,345.390015,148011100,341.434479
"2020-09-04",346.130005,347.829987,334.869995,342.570007,139156300,338.646729
"2020-09-08",336.709991,342.640015,332.880005,333.209991,114465300,329.393921
"2020-09-09",337.549988,342.459991,336.609985,339.790009,91462300,335.89859
"2020-09-10",341.820007,342.529999,332.850006,333.890015,90569500,330.066162
"2020-09-11",335.820007,336.970001,331,334.059998,84680200,330.234192
"2020-09-14",337.48999,340.380005,334.220001,338.459991,65605700,334.583801
"2020-09-15",341.119995,342.019989,338.470001,340.170013,52920900,336.274261
"2020-09-16",341.51001,343.059998,338.519989,338.820007,82096000,334.939697
"2020-09-17",333.559998,337.700012,332.98999,335.839996,91523300,331.993835
"2020-09-18",335.369995,335.48999,327.970001,330.649994,105877900,328.171692
"2020-09-21",325.700012,327.130005,321.730011,326.970001,99450800,324.519287
"2020-09-22",328.570007,330.899994,325.859985,330.299988,63612100,327.82431
"2020-09-23",330.899994,331.200012,322.100006,322.640015,93112200,320.221741
"2020-09-24",321.220001,326.799988,319.799988,323.5,76681300,321.075287
"2020-09-25",322.579987,329.579987,321.640015,328.730011,71069400,326.266083
"2020-09-28",333.220001,334.959991,332.149994,334.190002,64584600,331.685181
"2020-09-29",333.970001,334.769989,331.619995,332.369995,51304000,329.878784
"2020-09-30",333.089996,338.290009,332.880005,334.890015,104081100,332.379944
"2020-10-01",337.690002,338.73999,335.01001,337.040009,88698700,334.513794
"2020-10-02",331.700012,337.01001,331.190002,333.839996,89431100,331.337799
"2020-10-05",336.059998,339.959991,336.01001,339.76001,45713100,337.213409
"2020-10-06",339.910004,342.170013,334.380005,334.929993,90128900,332.419617
"2020-10-07",338.119995,341.630005,338.089996,340.76001,56999600,338.205933
"2020-10-08",342.850006,343.850006,341.859985,343.779999,45242500,341.203278
"2020-10-09",345.559998,347.350006,344.890015,346.850006,59528600,344.250275
"2020-10-12",349.589996,354.019989,349.059998,352.429993,80388500,349.788452
"2020-10-13",352.279999,352.470001,349.089996,350.130005,73255500,347.505707
"2020-10-14",350.75,351.929993,347.140015,347.929993,57958700,345.322174
"2020-10-15",343.709991,348.019989,343.130005,347.5,60357700,344.895416
"2020-10-16",348.959991,350.75,347.100006,347.290009,89501900,344.686981
"2020-10-19",348.649994,349.329987,341.040009,342.01001,68425600,339.446564
"2020-10-20",343.459991,346.880005,342.640015,343.380005,60051900,340.806305
"2020-10-21",343.329987,345.670013,342.399994,342.730011,63575000,340.161163
"2020-10-22",342.959991,345.23999,340.649994,344.609985,55399300,342.027069
"2020-10-23",345.929993,345.98999,343.130005,345.779999,49143900,343.188293
"2020-10-26",342.130005,342.980011,335.619995,339.390015,91473000,336.846222
"2020-10-27",339.76001,340.119995,337.98999,338.220001,65994100,335.684937
"2020-10-28",332.100006,338.25,326.130005,326.660004,127094300,324.211609
"2020-10-29",326.910004,333.399994,325.089996,329.980011,90597700,327.506714
"2020-10-30",328.279999,329.690002,322.600006,326.540009,120287300,324.092499
"2020-11-02",330.200012,332.359985,327.23999,330.200012,86068300,327.725098
"2020-11-03",333.690002,338.25,330.290009,336.029999,93294200,333.511383
"2020-11-04",340.859985,347.940002,339.589996,343.540009,126959700,340.965088
"2020-11-05",349.23999,352.190002,348.859985,350.23999,82039700,347.614868
"2020-11-06",349.929993,351.51001,347.649994,350.160004,74973000,347.535461
"2020-11-09",363.970001,364.380005,354.059998,354.559998,172304200,351.902496
"2020-11-10",353.48999,355.179993,350.51001,354.040009,85552000,351.386383
"2020-11-11",356.399994,357.559998,355.059998,356.670013,58649000,353.996674
"2020-11-12",355.579987,356.720001,351.26001,353.209991,67546200,350.562592
"2020-11-13",355.269989,358.899994,354.709991,358.100006,62892200,355.415955
"2020-11-16",360.980011,362.779999,359.589996,362.570007,74541100,359.852478
"2020-11-17",359.970001,361.920013,358.339996,360.619995,66111000,357.917053
"2020-11-18",360.910004,361.5,356.23999,356.279999,70591300,353.609589
"2020-11-19",355.600006,358.179993,354.149994,357.779999,59940900,355.098358
"2020-11-20",357.5,357.720001,355.25,355.329987,70417300,352.666718
"2020-11-23",357.279999,358.820007,354.869995,357.459991,63230600,354.780731
"2020-11-24",360.209991,363.809998,359.290009,363.220001,62415900,360.497559
"2020-11-25",363.130005,363.160004,361.480011,362.660004,45330900,359.941772
"2020-11-27",363.839996,364.179993,362.579987,363.670013,28514100,360.944214
"2020-11-30",362.829987,363.119995,359.170013,362.059998,83872700,359.346283
"2020-12-01",365.570007,367.679993,364.929993,366.019989,74505000,363.276581
"2020-12-02",364.820007,366.959991,364.200012,366.790009,45927000,364.040833
"2020-12-03",366.679993,368.190002,365.5,366.690002,62882000,363.941589
"2020-12-04",367.320007,369.850006,367.220001,369.850006,50749900,367.077881
"2020-12-07",369.019989,369.619995,367.720001,369.089996,48944300,366.323578
"2020-12-08",367.720001,370.779999,367.670013,370.170013,42458900,367.395508
"2020-12-09",370.880005,371.049988,365.950012,366.850006,74098300,364.100372
"2020-12-10",365.369995,367.859985,364.429993,366.730011,57735400,363.981262
"2020-12-11",364.899994,366.73999,363.26001,366.299988,57698600,363.554474
"2020-12-14",368.640015,369.799988,364.470001,364.660004,69216200,361.926788
"2020-12-15",367.399994,369.589996,365.920013,369.589996,64071100,366.819824
"2020-12-16",369.820007,371.160004,368.869995,370.170013,58420500,367.395508
"2020-12-17",371.940002,372.459991,371.049988,372.23999,64119500,369.449982
"2020-12-18",370.970001,371.149994,367.019989,369.179993,136542300,367.974792
"2020-12-21",364.970001,378.459991,362.029999,367.859985,96386700,366.659088
"2020-12-22",368.209991,368.329987,366.029999,367.23999,47949000,366.041107
"2020-12-23",368.279999,369.619995,367.220001,367.570007,46201400,366.370056
"2020-12-24",368.079987,369.029999,367.450012,369,26457900,367.79538
"2020-12-28",371.73999,372.589996,371.070007,372.170013,39000400,370.955048
"2020-12-29",373.809998,374,370.829987,371.459991,53680500,370.247345
"2020-12-30",372.339996,373.100006,371.570007,371.98999,49455300,370.775604
"2020-12-31",371.779999,374.660004,371.230011,373.880005,78520700,372.659454
"2021-01-04",375.309998,375.450012,364.820007,368.790009,110210800,367.58609
"2021-01-05",368.100006,372.5,368.049988,371.329987,66426200,370.117767
"2021-01-06",369.709991,376.980011,369.119995,373.549988,107997700,372.330505
"2021-01-07",376.100006,379.899994,375.910004,379.100006,68766800,377.862427
"2021-01-08",380.589996,381.48999,377.100006,381.26001,71677200,380.015381
"2021-01-11",377.850006,380.579987,377.720001,378.690002,51176700,377.453766
"2021-01-12",378.890015,379.859985,376.359985,378.769989,52547700,377.533478
"2021-01-13",378.690002,380.859985,377.850006,379.790009,45303600,378.550171
"2021-01-14",380.589996,381.130005,378.100006,378.459991,49989100,377.224487
"2021-01-15",376.720001,377.579987,373.700012,375.700012,107160000,374.473511
"2021-01-19",378.339996,379.230011,376.75,378.649994,51233300,377.413879
"2021-01-20",381.109985,384.790009,380.690002,383.890015,61836100,382.63678
"2021-01-21",384.48999,384.950012,383.25,384.23999,47955800,382.985626
"2021-01-22",382.25,384.130005,381.839996,382.880005,52860500,381.630066
"2021-01-25",383.670013,384.769989,378.459991,384.390015,70402000,383.135162
"2021-01-26",385.410004,385.850006,383.540009,383.790009,42665300,382.537109
"2021-01-27",380.220001,380.320007,372.01001,374.410004,123351100,373.187714
"2021-01-28",376.359985,381.929993,375.890015,377.630005,94198100,376.397217
"2021-01-29",375.630005,376.670013,368.269989,370.070007,126618400,368.861908
"2021-02-01",373.720001,377.339996,370.380005,376.230011,75817600,375.001801
"2021-02-02",379.649994,383.220001,376.320007,381.549988,64450700,380.304413
"2021-02-03",382.440002,383.700012,380.480011,381.850006,52427100,380.603424
"2021-02-04",382.959991,386.23999,381.970001,386.190002,47142600,384.92926
"2021-02-05",388.200012,388.470001,386.140015,387.709991,48620300,386.444305
"2021-02-08",389.269989,390.559998,388.350006,390.51001,38365200,389.235168
"2021-02-09",389.609985,390.890015,389.170013,390.25,35551100,388.976013
"2021-02-10",392.119995,392.279999,387.5,390.079987,59154400,388.806549
"2021-02-11",391.23999,391.690002,388.100006,390.709991,42755400,389.434509
"2021-02-12",389.850006,392.899994,389.769989,392.640015,50505700,391.358215
"2021-02-16",393.959991,394.170013,391.529999,392.299988,50972400,391.019318
"2021-02-17",390.420013,392.660004,389.329987,392.390015,52290600,391.109039
"2021-02-18",389.589996,391.519989,387.73999,390.720001,59712800,389.444489
"2021-02-19",392.070007,392.380005,389.549988,390.029999,83241000,388.756714
"2021-02-22",387.059998,389.619995,386.73999,387.029999,67414200,385.76651
"2021-02-23",384.660004,388.950012,380.200012,387.5,107284100,386.234985
"2021-02-24",386.329987,392.230011,385.269989,391.769989,72433900,390.491028
"2021-02-25",390.410004,391.880005,380.779999,382.329987,146670500,381.081848
"2021-02-26",384.350006,385.579987,378.230011,380.359985,152534900,379.118286
"2021-03-01",385.589996,390.920013,380.570007,389.579987,104945700,388.308197
"2021-03-02",389.820007,390.070007,386,386.540009,79389200,385.278137
"2021-03-03",385.790009,386.829987,381.309998,381.420013,119482700,380.174835
"2021-03-04",381.220001,384,371.880005,376.700012,182856500,375.470245
"2021-03-05",380.459991,384.76001,372.640015,383.630005,151959800,382.377625
"2021-03-08",384.660004,387.679993,381.420013,381.720001,122957100,380.473846
"2021-03-09",385.850006,389.910004,385.309998,387.170013,113457800,385.906067
"2021-03-10",389.690002,391.399994,388.170013,389.579987,109660800,388.308197
"2021-03-11",392.230011,395.649994,391.73999,393.529999,86027400,392.2453
"2021-03-12",392.070007,394.209991,391.200012,394.059998,64608100,392.77356
"2021-03-15",394.329987,396.690002,392.029999,396.410004,73427200,395.115906
"2021-03-16",397.070007,397.829987,395.079987,395.910004,72958000,394.617523
"2021-03-17",394.529999,398.119995,393.299988,397.26001,91822000,395.963135
"2021-03-18",394.480011,396.720001,390.75,391.480011,115112500,390.201996
"2021-03-19",389.880005,391.570007,387.149994,389.480011,112777800,389.480011
"2021-03-22",390.029999,394.070007,389.970001,392.589996,73778600,392.589996
"2021-03-23",391.910004,393.459991,388.660004,389.5,90686600,389.5
"2021-03-24",391,392.75,387.470001,387.519989,97588600,387.519989
"2021-03-25",385.980011,390.549988,383.899994,389.700012,116128600,389.700012
"2021-03-26",390.929993,396.410004,390.290009,395.980011,113023400,395.980011
"2021-03-29",394.399994,396.75,392.809998,395.779999,108107600,395.779999
"2021-03-30",394.420013,395.450012,393.019989,394.730011,76262200,394.730011
"2021-03-31",395.339996,398,395.309998,396.329987,112734200,396.329987
"2021-04-01",398.399994,400.670013,398.179993,400.609985,99599100,400.609985
"2021-04-05",403.459991,406.940002,403.380005,406.359985,91684800,406.359985
"2021-04-06",405.76001,407.23999,405.399994,406.119995,62021000,406.119995
"2021-04-07",405.940002,406.959991,405.450012,406.589996,55836300,406.589996
"2021-04-08",407.929993,408.579987,406.929993,408.519989,57863100,408.519989
"2021-04-09",408.390015,411.670013,408.26001,411.48999,61060100,411.48999
"2021-04-12",410.850006,411.929993,410.200012,411.640015,56704900,411.640015
"2021-04-13",411.529999,413.529999,411.119995,412.859985,56551000,412.859985
"2021-04-14",412.829987,413.959991,410.869995,411.450012,61659900,411.450012
"2021-04-15",413.73999,416.160004,413.690002,415.869995,60229800,415.869995
"2021-04-16",417.25,417.910004,415.730011,417.26001,82004500,417.26001
"2021-04-19",416.26001,416.73999,413.790009,415.209991,78498500,415.209991
"2021-04-20",413.910004,415.089996,410.589996,412.170013,81851800,412.170013
"2021-04-21",411.51001,416.290009,411.359985,416.070007,66793000,416.070007
"2021-04-22",415.890015,416.779999,411.130005,412.269989,97582800,412.269989
"2021-04-23",412.869995,418.25,412.790009,416.73999,73209200,416.73999
"2021-04-26",417.440002,418.220001,416.809998,417.609985,52102700,417.609985
